-30, -31, -32, -34, -33, -32, -26, -22, -12, -4, 0, 3, 9, 10, 13, 14, 15, 16, -34, -34, -31, -28, -26, -25, -21, -16, -10, -1, 5, 10, 13, 17, 19, 21, 21, 21, -14416, 88, 7040, 0, 0, 0, 1843, 1663927276636
-26, -24, -27, -30, -29, -28, -23, -21, -15, -8, -3, -1, 5, 8, 10, 12, 13, 15, -29, -27, -25, -23, -23, -22, -18, -15, -9, -2, 4, 9, 12, 16, 17, 19, 19, 20, -14344, 120, 7232, 0, 0, 0, 1843, 1663927276783
-32, -25, -25, -25, -22, -20, -17, -16, -10, -2, 1, 5, 10, 10, 12, 12, 11, 12, -31, -25, -23, -18, -18, -18, -17, -15, -11, -6, 0, 4, 9, 13, 16, 17, 17, 17, -14728, 1584, 4032, 0, 0, 0, 1843, 1663927276998
-31, -28, -28, -24, -21, -21, -16, -14, -9, -1, 4, 8, 14, 16, 18, 18, 17, 17, -39, -37, -32, -27, -23, -22, -19, -18, -14, -8, -3, 3, 8, 13, 16, 19, 21, 21, -14656, 1512, 4144, 0, 0, 0, 1843, 1663927277270
-37, -33, -30, -27, -27, -27, -21, -18, -10, -2, 2, 5, 12, 16, 20, 22, 24, 23, -31, -31, -27, -24, -24, -26, -23, -21, -15, -8, -3, 1, 5, 12, 16, 21, 24, 26, -13528, 4776, 10440, 0, 0, 0, 1843, 1663927277383
-29, -23, -25, -28, -26, -22, -17, -14, -8, -3, -2, -1, 4, 6, 10, 12, 15, 18, -28, -25, -24, -22, -22, -21, -15, -12, -7, -2, 2, 5, 7, 11, 12, 15, 17, 19, -13752, 4992, 10560, 0, 0, 0, 1843, 1663927277596
-26, -30, -35, -38, -37, -32, -24, -20, -15, -11, -8, -7, 0, 3, 8, 12, 16, 20, -32, -35, -36, -33, -29, -24, -15, -10, -4, 2, 6, 8, 11, 16, 19, 22, 24, 24, -14984, -4728, 6528, 0, 0, 0, 1843, 1663927277778
-32, -32, -34, -35, -34, -34, -32, -30, -25, -17, -12, -6, 2, 8, 14, 18, 21, 23, -36, -36, -34, -30, -27, -25, -20, -17, -12, -4, 2, 7, 11, 17, 20, 25, 26, 26, -15472, -4752, 6736, 0, 0, 0, 1843, 1663927278010
-21, -16, -18, -21, -20, -19, -16, -16, -12, -8, -4, -2, 4, 7, 11, 13, 15, 16, -29, -25, -23, -20, -20, -18, -14, -12, -9, -4, 0, 3, 6, 11, 13, 16, 16, 17, -13632, 2288, 5040, 0, 0, 0, 1843, 1663927278199
-26, -23, -23, -22, -21, -20, -16, -13, -7, 0, 4, 7, 15, 17, 19, 19, 19, 19, -42, -39, -34, -29, -27, -26, -22, -19, -14, -9, -3, 1, 5, 10, 14, 17, 19, 21, -13688, 2104, 5096, 0, 0, 0, 1843, 1663927278373
-33, -30, -27, -23, -21, -19, -13, -10, -5, 1, 4, 8, 15, 17, 20, 21, 21, 21, -38, -37, -33, -30, -28, -27, -22, -18, -13, -8, -3, 1, 5, 11, 14, 17, 19, 21, -17848, -2384, 16320, 0, 0, 0, 1843, 1663927278639
-28, -22, -24, -26, -23, -19, -14, -11, -5, 0, 2, 3, 8, 10, 13, 14, 14, 16, -33, -29, -28, -26, -24, -22, -17, -13, -9, -3, 2, 4, 7, 11, 12, 13, 14, 15, -17576, -2400, 16424, 0, 0, 0, 1843, 1663927278798
-34, -35, -35, -36, -35, -31, -24, -19, -13, -6, -2, 1, 8, 11, 14, 14, 13, 13, -43, -43, -38, -34, -29, -26, -18, -11, -4, 3, 8, 12, 15, 18, 19, 18, 16, 14, -16088, -3752, 5128, 0, 0, 0, 1843, 1663927278977
-24, -17, -19, -22, -24, -25, -25, -24, -19, -12, -6, -1, 7, 10, 14, 14, 14, 13, -31, -25, -23, -21, -20, -20, -17, -13, -6, 3, 9, 13, 16, 21, 20, 19, 16, 14, -15760, -3680, 5472, 0, 0, 0, 1843, 1663927279192
-28, -18, -17, -17, -15, -14, -12, -11, -7, -2, 1, 3, 8, 10, 13, 13, 13, 13, -31, -23, -20, -17, -16, -16, -13, -11, -8, -3, 2, 5, 8, 13, 14, 16, 15, 16, -9856, 1704, 2800, 0, 0, 0, 1843, 1663927279398
-29, -22, -21, -19, -18, -15, -12, -10, -6, -1, 2, 5, 10, 13, 16, 17, 17, 18, -46, -39, -32, -26, -22, -20, -15, -12, -9, -4, 0, 4, 7, 11, 13, 16, 18, 19, -9848, 1712, 2592, 0, 0, 0, 1843, 1663927279580
-28, -23, -23, -22, -23, -21, -16, -12, -3, 4, 7, 9, 14, 16, 18, 19, 19, 19, -24, -24, -23, -20, -22, -24, -22, -19, -14, -8, -3, 1, 5, 11, 14, 18, 20, 22, -18432, 5080, 9368, 0, 0, 0, 1843, 1663927279808
-23, -17, -19, -22, -22, -20, -18, -17, -14, -8, -5, -2, 3, 7, 10, 11, 13, 15, -30, -26, -24, -22, -21, -19, -15, -12, -7, 0, 5, 9, 12, 16, 16, 17, 17, 17, -18248, 5152, 9000, 0, 0, 0, 1843, 1663927280087
-42, -35, -32, -32, -28, -25, -18, -16, -13, -10, -7, -5, 1, 4, 9, 11, 15, 16, -40, -35, -30, -26, -21, -18, -11, -7, -3, 2, 6, 9, 12, 16, 18, 20, 20, 20, -18248, 5152, 9000, 0, 0, 0, 1843, 1663927280206
-17, -11, -14, -17, -19, -21, -21, -22, -19, -14, -10, -7, 1, 4, 9, 11, 13, 14, -29, -23, -21, -18, -18, -18, -14, -12, -7, 0, 6, 10, 14, 17, 18, 19, 18, 17, -6312, 248, 3680, 0, 0, 0, 1843, 1663927280386
-28, -20, -18, -18, -16, -15, -12, -11, -6, -1, 2, 5, 10, 11, 15, 16, 16, 16, -32, -25, -21, -18, -17, -18, -16, -15, -13, -8, -3, 0, 4, 8, 12, 15, 17, 20, -20024, 720, 11936, 0, 0, 0, 1843, 1663927280597
-25, -23, -23, -22, -21, -18, -13, -11, -7, -3, 1, 3, 10, 13, 15, 17, 19, 20, -47, -43, -35, -31, -27, -23, -17, -13, -9, -4, 0, 3, 6, 11, 13, 17, 18, 21, -16912, 4824, 4752, 0, 0, 0, 1843, 1663927280781
-26, -22, -23, -24, -21, -17, -12, -10, -5, 0, 2, 4, 9, 11, 14, 16, 16, 17, -28, -26, -25, -23, -23, -22, -17, -14, -11, -5, -1, 1, 4, 8, 11, 14, 16, 18, -16552, 5248, 4792, 0, 0, 0, 1843, 1663927281009
-19, -18, -23, -28, -29, -28, -25, -24, -21, -15, -10, -6, 1, 6, 11, 15, 18, 20, -32, -30, -30, -29, -27, -25, -18, -13, -8, 0, 4, 8, 12, 17, 19, 21, 21, 23, -10632, 304, 3496, 0, 0, 0, 1843, 1663927281201
-43, -37, -36, -37, -32, -27, -21, -19, -15, -10, -6, -3, 4, 8, 13, 15, 19, 21, -39, -34, -31, -29, -25, -21, -16, -13, -9, -3, 3, 7, 11, 16, 18, 22, 23, 23, -10288, -40, 4104, 0, 0, 0, 1843, 1663927281412
-19, -14, -18, -21, -21, -20, -18, -17, -14, -9, -6, -3, 3, 6, 10, 13, 15, 17, -31, -27, -25, -23, -21, -19, -15, -12, -9, -3, 1, 4, 7, 12, 14, 17, 18, 20, -11568, 2608, 4864, 0, 0, 0, 1843, 1663927281586
-23, -19, -19, -20, -18, -16, -12, -11, -7, -3, -1, 2, 8, 11, 16, 19, 21, 23, -38, -35, -30, -26, -24, -21, -17, -14, -11, -7, -4, -1, 2, 7, 11, 15, 18, 21, -11792, 2952, 4568, 0, 0, 0, 1843, 1663927281818
-25, -22, -22, -21, -18, -16, -12, -11, -8, -4, 0, 3, 10, 12, 17, 19, 20, 22, -38, -33, -29, -25, -23, -21, -18, -15, -13, -9, -4, 0, 3, 8, 12, 16, 18, 21, -19536, -3808, 11952, 0, 0, 0, 1843, 1663927281981
-26, -22, -24, -25, -22, -19, -14, -12, -7, -3, 0, 1, 6, 9, 13, 15, 17, 21, -32, -29, -28, -26, -24, -22, -17, -14, -10, -5, -1, 2, 4, 9, 11, 15, 18, 20, -19328, -3936, 12376, 0, 0, 0, 1843, 1663927282210
-28, -29, -31, -33, -30, -27, -20, -18, -15, -11, -10, -9, -3, 2, 8, 13, 18, 22, -34, -34, -31, -28, -24, -22, -16, -12, -8, -3, 0, 3, 6, 13, 17, 22, 24, 25, -15488, -1448, 6464, 0, 0, 0, 1843, 1663927282396
-33, -28, -30, -31, -29, -27, -25, -24, -21, -15, -11, -7, 0, 4, 11, 15, 18, 21, -30, -27, -26, -24, -23, -22, -18, -15, -10, -4, 1, 5, 10, 15, 18, 21, 22, 22, -15096, -1568, 6840, 0, 0, 0, 1843, 1663927282574
-23, -18, -20, -23, -21, -18, -15, -15, -12, -7, -3, -1, 4, 7, 10, 12, 14, 17, -27, -23, -22, -18, -19, -18, -15, -14, -11, -6, -2, 2, 5, 10, 12, 16, 17, 19, -12976, 1416, 5520, 0, 0, 0, 1843, 1663927282790
-24, -22, -23, -22, -20, -18, -14, -13, -10, -5, -1, 2, 8, 12, 16, 19, 21, 22, -41, -39, -34, -29, -25, -23, -18, -15, -13, -7, -4, 0, 4, 10, 13, 18, 20, 23, -12968, 1504, 5440, 0, 0, 0, 1843, 1663927283051
-27, -23, -24, -23, -23, -22, -17, -13, -8, 0, 5, 8, 14, 17, 20, 21, 20, 21, -30, -29, -27, -23, -24, -26, -23, -21, -16, -9, -3, 1, 6, 12, 16, 19, 21, 22, -11672, 4144, 12872, 0, 0, 0, 1843, 1663927283178
-25, -21, -24, -26, -24, -22, -16, -14, -9, -4, -2, 0, 6, 8, 12, 14, 17, 18, -30, -27, -26, -25, -24, -22, -17, -14, -10, -4, -1, 3, 5, 10, 12, 15, 17, 20, -12136, 4384, 12800, 0, 0, 0, 1843, 1663927283410
-31, -32, -33, -34, -32, -30, -24, -21, -17, -13, -12, -10, -3, 2, 9, 14, 19, 23, -38, -37, -34, -29, -25, -23, -17, -13, -8, -3, 1, 4, 8, 15, 19, 24, 26, 27, -15712, -712, 5432, 0, 0, 0, 1843, 1663927283565
-22, -18, -22, -26, -27, -27, -26, -25, -22, -15, -11, -8, -1, 3, 8, 11, 14, 17, -30, -27, -25, -24, -23, -22, -18, -15, -9, -2, 3, 7, 11, 15, 17, 19, 20, 20, -15984, -864, 6136, 0, 0, 0, 1843, 1663927283803
-24, -19, -20, -22, -21, -18, -16, -16, -11, -6, -3, -1, 4, 7, 11, 13, 14, 16, -27, -23, -22, -19, -19, -19, -16, -15, -12, -7, -3, 1, 5, 10, 12, 16, 18, 20, -11704, 3240, 4416, 0, 0, 0, 1843, 1663927283986
-25, -22, -23, -21, -19, -17, -13, -12, -9, -4, -2, 1, 7, 10, 15, 18, 21, 23, -46, -43, -35, -29, -24, -22, -16, -13, -10, -7, -3, -1, 3, 7, 11, 15, 19, 22, -11832, 3024, 4600, 0, 0, 0, 1843, 1663927284170
-27, -22, -22, -22, -21, -19, -13, -10, -5, 0, 1, 4, 10, 12, 16, 19, 20, 23, -27, -24, -24, -22, -23, -23, -20, -17, -14, -8, -5, -2, 1, 7, 11, 16, 19, 22, -18048, 4648, 9952, 0, 0, 0, 1843, 1663927284411
-23, -17, -19, -22, -21, -19, -16, -14, -10, -6, -3, -2, 3, 6, 10, 13, 15, 17, -30, -26, -24, -22, -21, -20, -15, -12, -7, -2, 2, 5, 8, 11, 13, 15, 16, 18, -17584, 4496, 10144, 0, 0, 0, 1843, 1663927284587
-48, -45, -38, -34, -29, -27, -19, -16, -12, -9, -10, -8, -3, 2, 8, 13, 18, 23, -41, -40, -33, -26, -21, -19, -14, -10, -6, -2, 1, 4, 7, 14, 18, 23, 26, 28, -17584, 4496, 10144, 0, 0, 0, 1843, 1663927284768
-21, -15, -18, -22, -22, -23, -22, -22, -18, -13, -9, -6, 1, 4, 8, 11, 13, 16, -28, -24, -21, -19, -19, -19, -15, -13, -8, -2, 4, 7, 12, 16, 18, 19, 19, 19, -5200, 328, 3608, 0, 0, 0, 1843, 1663927284974
-28, -21, -21, -21, -19, -16, -13, -12, -7, -1, 2, 5, 9, 11, 12, 14, 15, 16, -32, -26, -23, -20, -20, -19, -16, -14, -11, -6, -2, 1, 5, 10, 12, 15, 17, 18, -16216, 536, 11712, 0, 0, 0, 1843, 1663927285206
-27, -25, -25, -23, -21, -19, -14, -11, -7, -2, 2, 5, 11, 14, 18, 19, 20, 22, -49, -45, -38, -33, -28, -25, -18, -14, -11, -6, -1, 3, 5, 11, 13, 17, 20, 22, -17312, 360, 4648, 0, 0, 0, 1843, 1663927285365
-26, -22, -24, -24, -24, -21, -15, -12, -6, 1, 4, 6, 12, 15, 18, 20, 21, 21, -24, -23, -23, -22, -23, -25, -22, -19, -15, -9, -4, 0, 4, 9, 13, 18, 20, 22, -17704, 600, 4800, 0, 0, 0, 1843, 1663927285586
-20, -16, -21, -25, -24, -24, -21, -20, -15, -10, -6, -4, 3, 6, 10, 13, 15, 17, -29, -27, -27, -26, -25, -22, -17, -14, -8, 0, 5, 8, 11, 15, 16, 19, 18, 19, -11416, 320, 3552, 0, 0, 0, 1843, 1663927285788
-47, -41, -37, -34, -30, -27, -19, -18, -13, -9, -7, -5, 1, 4, 9, 13, 16, 20, -40, -37, -33, -27, -22, -19, -15, -12, -8, -3, 2, 5, 9, 15, 18, 22, 22, 24, -11192, 320, 3784, 0, 0, 0, 1843, 1663927285967
-15, -10, -14, -18, -20, -21, -22, -22, -20, -15, -10, -7, 0, 4, 8, 12, 15, 16, -26, -23, -22, -20, -20, -19, -16, -14, -10, -3, 2, 7, 10, 15, 17, 19, 19, 19, -14464, 4056, 5240, 0, 0, 0, 1843, 1663927286227
-25, -18, -18, -17, -16, -14, -12, -11, -8, -3, 1, 3, 8, 11, 15, 17, 18, 19, -32, -27, -25, -20, -19, -19, -16, -16, -12, -8, -4, 0, 3, 8, 12, 15, 18, 21, -14272, 4104, 5360, 0, 0, 0, 1843, 1663927286388
-25, -21, -21, -19, -18, -18, -17, -16, -12, -7, -2, 2, 9, 13, 18, 20, 21, 22, -42, -38, -32, -27, -23, -22, -19, -17, -13, -8, -3, 1, 6, 12, 15, 19, 21, 23, -20096, 1064, 7672, 0, 0, 0, 1843, 1663927286594
-21, -19, -23, -25, -23, -22, -17, -15, -10, -3, 0, 2, 9, 12, 16, 18, 19, 20, -25, -27, -27, -25, -25, -23, -20, -17, -12, -6, -1, 2, 7, 11, 14, 17, 19, 20, -20216, 1016, 7912, 0, 0, 0, 1843, 1663927286781
-18, -19, -25, -30, -29, -28, -25, -22, -19, -13, -9, -6, 1, 5, 10, 14, 17, 19, -29, -30, -30, -29, -27, -24, -18, -13, -8, -2, 4, 7, 11, 16, 18, 21, 22, 22, -12840, -552, 4040, 0, 0, 0, 1843, 1663927287009
-39, -37, -35, -34, -29, -28, -24, -24, -21, -14, -8, -4, 4, 8, 14, 16, 19, 21, -39, -37, -33, -29, -24, -22, -18, -17, -12, -6, 1, 6, 11, 16, 19, 22, 22, 23, -13184, -656, 4520, 0, 0, 0, 1843, 1663927287168
-15, -13, -17, -21, -21, -21, -18, -19, -14, -10, -6, -4, 3, 6, 10, 12, 13, 16, -29, -26, -25, -23, -22, -21, -16, -13, -9, -5, 0, 3, 6, 10, 13, 16, 17, 18, -12480, 2392, 4984, 0, 0, 0, 1843, 1663927287377
-23, -19, -20, -20, -19, -16, -12, -10, -5, -2, 1, 4, 9, 12, 15, 17, 19, 20, -35, -32, -29, -26, -24, -22, -17, -15, -11, -7, -3, 0, 3, 8, 11, 14, 17, 20, -12456, 2136, 4800, 0, 0, 0, 1843, 1663927287607
-26, -24, -25, -24, -22, -19, -14, -12, -8, -2, 3, 7, 13, 15, 19, 20, 20, 21, -41, -38, -33, -29, -27, -24, -20, -18, -14, -8, -3, 1, 6, 11, 14, 18, 19, 21, -16448, 1768, 11416, 0, 0, 0, 1843, 1663927287765
-26, -23, -25, -27, -24, -20, -15, -12, -6, -1, 1, 3, 8, 11, 14, 16, 18, 20, -28, -27, -27, -26, -24, -23, -18, -15, -11, -5, -1, 2, 4, 9, 12, 15, 17, 20, -16608, 1728, 11696, 0, 0, 0, 1843, 1663927287981
-26, -25, -28, -30, -29, -26, -21, -19, -15, -11, -10, -8, -2, 2, 8, 12, 16, 20, -32, -31, -30, -26, -23, -22, -15, -11, -7, -2, 2, 5, 9, 14, 17, 21, 23, 24, -13656, 312, 5408, 0, 0, 0, 1843, 1663927288157
-40, -35, -33, -32, -28, -26, -24, -23, -20, -13, -9, -5, 2, 6, 11, 14, 17, 19, -37, -33, -29, -25, -22, -21, -17, -15, -11, -4, 1, 6, 10, 15, 17, 20, 20, 21, -13192, 632, 5328, 0, 0, 0, 1843, 1663927288388
-22, -17, -19, -21, -19, -18, -15, -16, -12, -8, -4, -2, 4, 7, 11, 12, 13, 15, -29, -24, -22, -19, -18, -18, -14, -13, -10, -5, -1, 3, 7, 11, 13, 16, 17, 18, -13560, 1776, 5800, 0, 0, 0, 1843, 1663927288663
-24, -19, -19, -18, -17, -15, -12, -11, -8, -3, 0, 2, 8, 12, 15, 18, 19, 20, -37, -33, -28, -23, -22, -21, -17, -15, -13, -8, -5, -1, 2, 7, 10, 15, 17, 20, -13760, 1640, 5928, 0, 0, 0, 1843, 1663927288786
-26, -21, -21, -19, -18, -17, -12, -13, -8, -4, -1, 3, 9, 12, 17, 18, 19, 21, -33, -30, -27, -23, -22, -22, -19, -17, -14, -9, -4, -1, 3, 9, 13, 17, 19, 21, -15040, -2392, 12712, 0, 0, 0, 1843, 1663927289024
-25, -21, -23, -26, -23, -20, -16, -13, -9, -4, -3, -1, 3, 7, 11, 14, 16, 18, -27, -25, -25, -24, -23, -22, -17, -14, -10, -4, -1, 2, 5, 9, 12, 15, 16, 19, -13936, -2088, 11888, 0, 0, 0, 1843, 1663927289180
-31, -30, -31, -32, -30, -27, -21, -18, -15, -11, -11, -9, -4, 1, 6, 12, 17, 21, -37, -36, -32, -27, -24, -22, -16, -13, -8, -2, 0, 2, 6, 12, 16, 21, 24, 26, -13936, -2088, 11888, 0, 0, 0, 1843, 1663927289356
-26, -22, -25, -28, -28, -27, -26, -26, -22, -16, -12, -9, -2, 3, 9, 12, 16, 20, -30, -26, -24, -23, -22, -22, -19, -17, -12, -5, 1, 5, 9, 13, 17, 20, 21, 21, -4560, -8, 4728, 0, 0, 0, 1843, 1663927289602
-24, -18, -19, -20, -19, -18, -16, -16, -13, -7, -4, -2, 4, 6, 10, 12, 13, 16, -26, -23, -21, -17, -17, -18, -16, -15, -12, -8, -3, 0, 4, 9, 12, 15, 17, 19, -15024, -712, 14448, 0, 0, 0, 1843, 1663927289859
-24, -22, -22, -20, -20, -18, -14, -13, -9, -4, -1, 2, 9, 12, 18, 20, 22, 23, -42, -39, -33, -27, -25, -23, -19, -16, -13, -9, -7, -3, 1, 7, 12, 16, 19, 23, -14928, 1592, 4560, 0, 0, 0, 1843, 1663927289956
-30, -23, -21, -20, -19, -19, -15, -13, -7, -1, 2, 6, 12, 15, 18, 20, 20, 21, -29, -24, -22, -19, -19, -22, -20, -18, -16, -11, -6, -3, 2, 8, 12, 16, 19, 21, -14744, 1824, 4936, 0, 0, 0, 1843, 1663927290170
-20, -16, -20, -24, -23, -22, -18, -16, -12, -7, -4, -2, 3, 7, 11, 13, 15, 18, -28, -26, -25, -24, -24, -23, -18, -14, -10, -4, 1, 4, 6, 10, 12, 14, 16, 18, -12424, -3232, 5472, 0, 0, 0, 1843, 1663927290377
-34, -32, -32, -32, -30, -27, -21, -19, -15, -11, -9, -7, -1, 4, 8, 12, 16, 19, -38, -37, -32, -27, -23, -21, -15, -11, -8, -2, 2, 5, 9, 15, 17, 21, 22, 23, -12632, -3216, 5240, 0, 0, 0, 1843, 1663927290558
-17, -12, -17, -22, -23, -25, -25, -25, -22, -15, -10, -7, 0, 4, 8, 11, 14, 15, -27, -24, -23, -21, -22, -22, -19, -16, -10, -1, 4, 8, 12, 16, 17, 18, 18, 17, -13696, -4312, 12288, 0, 0, 0, 1843, 1663927290766
-25, -17, -17, -20, -17, -15, -12, -12, -9, -4, -1, 1, 6, 9, 12, 13, 14, 15, -29, -23, -20, -18, -17, -18, -15, -14, -12, -7, -3, 1, 5, 9, 12, 15, 16, 18, -13928, -4568, 12816, 0, 0, 0, 1843, 1663927290998
-25, -22, -22, -20, -18, -18, -14, -13, -9, -5, -1, 3, 9, 13, 17, 19, 20, 21, -45, -40, -34, -28, -24, -22, -18, -15, -12, -8, -4, 0, 4, 9, 13, 17, 18, 21, -16752, -1408, 4192, 0, 0, 0, 1843, 1663927291161
-26, -19, -20, -21, -20, -17, -13, -12, -6, 1, 3, 6, 11, 14, 17, 18, 18, 19, -24, -20, -20, -19, -20, -21, -20, -18, -15, -10, -6, -2, 2, 8, 11, 15, 18, 19, -16904, -1592, 4136, 0, 0, 0, 1843, 1663927291385
-19, -15, -18, -22, -23, -22, -20, -19, -16, -11, -7, -4, 2, 6, 11, 14, 17, 18, -27, -25, -25, -24, -24, -22, -17, -15, -10, -4, 2, 5, 9, 13, 16, 19, 19, 20, -11080, 0, 3288, 0, 0, 0, 1843, 1663927291659
-45, -41, -37, -34, -31, -29, -21, -19, -15, -11, -9, -6, 1, 5, 12, 16, 19, 22, -39, -38, -33, -28, -24, -22, -16, -13, -10, -4, 0, 3, 8, 14, 18, 22, 24, 25, -10896, -288, 3568, 0, 0, 0, 1843, 1663927291755
-14, -9, -13, -16, -18, -20, -22, -22, -21, -15, -11, -8, -2, 3, 8, 11, 13, 16, -27, -23, -22, -19, -20, -19, -16, -14, -10, -4, 2, 6, 10, 14, 16, 18, 19, 19, -17544, 4128, 6784, 0, 0, 0, 1843, 1663927291992
-25, -19, -18, -18, -16, -15, -12, -12, -9, -4, -2, 1, 8, 10, 15, 17, 18, 20, -32, -28, -24, -20, -19, -19, -16, -15, -13, -9, -5, -2, 2, 7, 11, 15, 18, 21, -17432, 4320, 6936, 0, 0, 0, 1843, 1663927292180
-26, -25, -25, -22, -19, -17, -14, -12, -10, -6, -3, 0, 8, 12, 17, 20, 22, 23, -45, -41, -35, -29, -25, -23, -18, -14, -12, -8, -4, 0, 3, 9, 13, 17, 20, 23, -18544, 4408, 4800, 0, 0, 0, 1843, 1663927292357
-25, -20, -22, -23, -22, -20, -16, -14, -8, -3, 0, 3, 10, 15, 19, 21, 21, 23, -23, -22, -23, -21, -22, -24, -21, -19, -16, -11, -7, -3, 1, 8, 12, 17, 19, 22, -18536, 4536, 4784, 0, 0, 0, 1843, 1663927292567
-18, -16, -21, -25, -25, -23, -20, -19, -16, -11, -9, -5, 0, 4, 9, 13, 16, 20, -28, -28, -28, -27, -26, -24, -17, -13, -8, -3, 1, 4, 8, 12, 15, 18, 19, 21, -11464, 688, 4600, 0, 0, 0, 1843, 1663927292745
-40, -37, -35, -34, -30, -26, -20, -18, -14, -11, -9, -6, 0, 4, 10, 14, 17, 21, -39, -38, -34, -29, -24, -21, -15, -13, -10, -5, -1, 3, 7, 12, 17, 21, 22, 24, -11384, 776, 4448, 0, 0, 0, 1843, 1663927292980
-12, -8, -12, -16, -18, -20, -21, -23, -21, -16, -12, -7, 0, 4, 9, 11, 13, 15, -27, -24, -23, -20, -20, -20, -16, -15, -10, -4, 1, 6, 10, 15, 16, 18, 17, 17, -15040, 5384, 3776, 0, 0, 0, 1843, 1663927293169
-24, -18, -18, -17, -16, -15, -12, -12, -9, -4, -1, 3, 9, 12, 16, 18, 19, 21, -32, -27, -24, -21, -20, -19, -17, -16, -13, -9, -5, -1, 2, 8, 11, 15, 18, 21, -15352, 5200, 3752, 0, 0, 0, 1843, 1663927293347
-25, -24, -24, -23, -21, -18, -14, -13, -10, -4, 0, 3, 9, 13, 17, 19, 20, 21, -43, -39, -34, -28, -25, -23, -19, -16, -13, -9, -4, 0, 4, 10, 13, 17, 19, 21, -18680, 1832, 7000, 0, 0, 0, 1843, 1663927293575
-23, -20, -24, -26, -24, -22, -17, -14, -9, -2, 0, 3, 10, 13, 17, 18, 19, 20, -24, -25, -26, -25, -24, -25, -21, -18, -13, -7, -2, 1, 4, 10, 12, 17, 18, 20, -18320, 1368, 6920, 0, 0, 0, 1843, 1663927293768
-18, -19, -25, -29, -29, -28, -24, -22, -20, -14, -11, -8, 0, 4, 10, 15, 18, 21, -27, -29, -29, -28, -28, -26, -19, -15, -10, -3, 2, 6, 11, 16, 19, 22, 23, 24, -18320, 1368, 6920, 0, 0, 0, 1843, 1663927293947
-44, -40, -36, -33, -28, -27, -23, -23, -20, -15, -10, -6, 2, 6, 12, 16, 20, 22, -38, -36, -32, -27, -22, -21, -17, -16, -13, -7, -2, 4, 9, 15, 18, 22, 22, 23, -3808, 8, 2600, 0, 0, 0, 1843, 1663927294180
-18, -15, -18, -21, -21, -19, -18, -18, -15, -11, -7, -4, 2, 5, 10, 12, 14, 17, -28, -24, -23, -20, -20, -19, -15, -14, -11, -6, -1, 2, 6, 10, 13, 16, 17, 19, -12120, 24, 8648, 0, 0, 0, 1843, 1663927294370
-25, -21, -22, -20, -19, -18, -14, -13, -10, -4, -1, 3, 8, 12, 16, 19, 21, 22, -36, -32, -29, -24, -21, -21, -18, -16, -13, -9, -5, -1, 3, 8, 12, 16, 19, 22, -14472, 2512, 4672, 0, 0, 0, 1843, 1663927294546
-26, -25, -25, -23, -22, -21, -15, -13, -8, -1, 4, 9, 16, 18, 21, 22, 21, 20, -35, -33, -30, -26, -25, -26, -23, -21, -17, -11, -4, 1, 6, 12, 16, 19, 20, 22, -14712, 2568, 4384, 0, 0, 0, 1843, 1663927294790
-28, -23, -24, -25, -22, -20, -15, -13, -9, -3, 0, 2, 8, 11, 14, 17, 19, 20, -31, -27, -26, -24, -24, -22, -18, -16, -12, -7, -3, 0, 3, 8, 11, 15, 17, 20, -13000, -2664, 6752, 0, 0, 0, 1843, 1663927294967
-24, -25, -28, -30, -29, -26, -21, -20, -17, -12, -10, -7, -1, 5, 10, 14, 18, 21, -32, -31, -31, -28, -24, -22, -17, -13, -10, -4, 0, 4, 8, 14, 17, 21, 23, 23, -12960, -2680, 6888, 0, 0, 0, 1843, 1663927295149
-27, -22, -25, -28, -27, -27, -25, -24, -20, -15, -10, -6, 0, 5, 10, 12, 15, 17, -30, -25, -23, -21, -21, -20, -17, -15, -11, -4, 1, 5, 9, 13, 16, 18, 18, 19, -18912, 1928, 15520, 0, 0, 0, 1843, 1663927295406
-24, -16, -17, -19, -17, -15, -13, -13, -10, -6, -2, 0, 5, 8, 11, 13, 14, 15, -27, -22, -19, -16, -16, -16, -13, -12, -10, -6, -2, 1, 4, 9, 12, 15, 16, 17, -18416, 2112, 15320, 0, 0, 0, 1843, 1663927295568
-26, -23, -23, -21, -20, -18, -14, -12, -8, -3, 1, 4, 10, 14, 17, 20, 21, 22, -44, -40, -34, -29, -25, -23, -17, -15, -12, -8, -4, 0, 4, 10, 13, 17, 20, 22, -16008, 1408, 4336, 0, 0, 0, 1843, 1663927295778
-26, -23, -24, -24, -23, -21, -15, -12, -5, 2, 6, 9, 16, 18, 19, 20, 19, 19, -30, -28, -27, -25, -26, -27, -24, -21, -16, -8, -2, 2, 6, 11, 15, 18, 19, 21, -16072, 1440, 4584, 0, 0, 0, 1843, 1663927295959
-25, -19, -21, -23, -21, -19, -16, -14, -9, -4, -2, 1, 6, 9, 13, 14, 16, 17, -31, -26, -24, -22, -21, -19, -16, -14, -10, -5, 0, 3, 6, 10, 12, 15, 16, 17, -13344, -2968, 6448, 0, 0, 0, 1843, 1663927296188
-33, -32, -32, -34, -31, -27, -21, -19, -15, -10, -7, -5, 2, 6, 11, 15, 17, 20, -39, -36, -34, -29, -25, -23, -16, -13, -8, -2, 2, 5, 9, 14, 18, 21, 22, 23, -13632, -2960, 6616, 0, 0, 0, 1843, 1663927296378
-26, -19, -21, -24, -24, -23, -22, -21, -18, -13, -8, -6, 0, 5, 9, 12, 14, 16, -29, -23, -22, -19, -19, -19, -16, -14, -10, -4, 1, 5, 9, 13, 16, 18, 18, 19, -16176, -2472, 13512, 0, 0, 0, 1843, 1663927296555
-28, -20, -19, -20, -18, -16, -14, -14, -10, -6, -3, -2, 3, 6, 10, 12, 15, 17, -27, -22, -20, -16, -17, -17, -16, -15, -12, -7, -3, 0, 4, 9, 12, 16, 18, 20, -16248, -2640, 13560, 0, 0, 0, 1843, 1663927296817
-29, -27, -25, -21, -18, -20, -18, -18, -15, -9, -4, 0, 8, 12, 17, 20, 21, 22, -47, -43, -35, -27, -22, -21, -19, -19, -15, -10, -5, -1, 5, 11, 15, 19, 21, 23, -17408, -560, 5984, 0, 0, 0, 1843, 1663927296950
-28, -22, -22, -22, -21, -20, -18, -15, -8, -3, -1, 2, 8, 11, 15, 17, 19, 21, -25, -22, -21, -19, -21, -22, -21, -18, -15, -9, -5, -3, 1, 7, 11, 16, 19, 22, -16872, -808, 5832, 0, 0, 0, 1843, 1663927297156
-21, -15, -19, -22, -21, -21, -19, -18, -15, -11, -8, -5, 1, 5, 9, 12, 15, 17, -27, -24, -24, -22, -21, -20, -17, -14, -10, -4, 2, 5, 9, 13, 14, 16, 17, 18, -11896, -2768, 5024, 0, 0, 0, 1843, 1663927297391
-38, -36, -34, -33, -29, -26, -21, -18, -15, -11, -10, -8, -2, 3, 8, 13, 17, 21, -41, -40, -35, -29, -24, -20, -14, -11, -8, -4, -1, 1, 6, 12, 16, 20, 23, 24, -12160, -2424, 4296, 0, 0, 0, 1843, 1663927297544
-17, -11, -14, -17, -19, -20, -21, -21, -18, -12, -9, -5, 1, 4, 9, 11, 13, 16, -27, -22, -20, -18, -18, -19, -16, -14, -10, -3, 2, 5, 9, 14, 15, 17, 17, 17, -21136, 2608, 11336, 0, 0, 0, 1843, 1663927297777
-26, -20, -19, -18, -16, -16, -14, -14, -9, -3, 1, 5, 12, 14, 18, 19, 18, 19, -30, -26, -22, -19, -18, -19, -18, -18, -16, -11, -6, -1, 2, 9, 12, 16, 18, 21, -21296, 2896, 11568, 0, 0, 0, 1843, 1663927297969
-29, -27, -25, -21, -18, -18, -14, -13, -10, -5, -2, 2, 10, 14, 18, 21, 23, 23, -50, -44, -35, -29, -24, -23, -18, -16, -14, -9, -5, -1, 3, 9, 13, 17, 20, 22, -17496, 1472, 6512, 0, 0, 0, 1843, 1663927298149
-26, -20, -21, -22, -21, -18, -14, -12, -6, 1, 3, 8, 15, 18, 21, 22, 20, 20, -23, -21, -22, -20, -22, -24, -22, -20, -17, -11, -6, -2, 3, 9, 13, 16, 18, 20, -17448, 1264, 6520, 0, 0, 0, 1843, 1663927298357
-19, -18, -23, -27, -26, -25, -21, -20, -16, -10, -8, -5, 1, 5, 10, 14, 17, 19, -27, -27, -28, -27, -26, -24, -18, -13, -9, -2, 3, 5, 9, 14, 16, 19, 20, 21, -17448, 1264, 6520, 0, 0, 0, 1843, 1663927298541
-46, -43, -39, -37, -32, -29, -21, -17, -13, -9, -6, -4, 3, 7, 12, 15, 18, 20, -40, -39, -35, -30, -25, -22, -16, -12, -9, -3, 1, 4, 8, 14, 18, 21, 22, 23, -5304, -1104, 1832, 0, 0, 0, 1843, 1663927298748
-15, -11, -14, -18, -19, -20, -19, -20, -18, -13, -9, -5, 1, 5, 9, 12, 13, 15, -26, -23, -22, -20, -19, -19, -15, -13, -9, -3, 2, 5, 10, 14, 15, 16, 17, 17, -17200, -4160, 5896, 0, 0, 0, 1843, 1663927298994
-26, -19, -19, -19, -17, -16, -12, -12, -7, -2, 2, 5, 11, 13, 16, 17, 18, 19, -31, -26, -23, -20, -19, -20, -17, -16, -15, -9, -5, -1, 2, 8, 11, 15, 17, 19, -12680, 104, 2968, 0, 0, 0, 1843, 1663927299141
-25, -25, -25, -24, -22, -19, -14, -12, -8, -3, 1, 4, 11, 13, 17, 19, 20, 21, -43, -40, -35, -30, -27, -24, -19, -15, -12, -7, -3, 1, 5, 10, 13, 17, 19, 21, -12416, 248, 2968, 0, 0, 0, 1843, 1663927299379
-27, -23, -24, -26, -24, -22, -16, -12, -6, 0, 3, 6, 11, 14, 17, 19, 19, 20, -23, -23, -23, -22, -23, -24, -21, -18, -14, -8, -4, -1, 3, 9, 11, 16, 18, 20, -14352, -4600, 5952, 0, 0, 0, 1843, 1663927299556
-19, -19, -25, -29, -28, -27, -22, -21, -17, -13, -10, -7, 0, 4, 10, 14, 17, 21, -26, -28, -29, -28, -26, -23, -18, -13, -9, -3, 2, 5, 9, 14, 17, 21, 22, 23, -14288, -4632, 5832, 0, 0, 0, 1843, 1663927299735
-41, -36, -34, -34, -29, -26, -21, -20, -17, -12, -9, -5, 1, 6, 11, 14, 16, 19, -36, -33, -29, -25, -21, -19, -14, -13, -10, -5, 0, 4, 9, 14, 16, 19, 20, 21, -12808, -1744, 8168, 0, 0, 0, 1843, 1663927300013
-17, -13, -16, -19, -19, -19, -18, -18, -16, -11, -8, -5, 1, 4, 9, 11, 14, 15, -27, -23, -22, -19, -19, -18, -14, -12, -9, -5, 0, 3, 7, 12, 14, 17, 17, 19, -12704, -1568, 8256, 0, 0, 0, 1843, 1663927300158
-24, -20, -19, -19, -17, -15, -12, -11, -8, -4, -1, 2, 9, 12, 16, 19, 21, 22, -35, -32, -27, -23, -21, -20, -16, -15, -13, -9, -5, -3, 2, 6, 11, 15, 19, 22, -13408, 1168, 5360, 0, 0, 0, 1843, 1663927300337
-27, -23, -22, -22, -18, -15, -11, -10, -7, -3, 1, 4, 10, 13, 17, 19, 20, 21, -38, -32, -28, -24, -21, -20, -17, -15, -13, -8, -4, -1, 3, 7, 11, 15, 17, 20, -13896, 1088, 5264, 0, 0, 0, 1843, 1663927300548
-31, -25, -24, -25, -21, -18, -13, -11, -6, -1, 0, 2, 7, 10, 14, 17, 18, 20, -29, -24, -23, -21, -20, -19, -15, -14, -11, -7, -4, 0, 2, 7, 10, 14, 17, 20, -12200, -3736, 6352, 0, 0, 0, 1843, 1663927300756
-29, -28, -28, -29, -27, -25, -21, -19, -17, -12, -10, -8, -1, 3, 7, 12, 15, 19, -33, -31, -28, -24, -21, -19, -14, -12, -8, -2, 2, 5, 10, 15, 18, 21, 22, 22, -12360, -3400, 6568, 0, 0, 0, 1843, 1663927300940
-42, -35, -32, -31, -28, -28, -25, -23, -18, -10, -6, -3, 3, 7, 10, 12, 14, 16, -36, -30, -26, -23, -21, -20, -17, -15, -10, -2, 4, 8, 12, 16, 18, 19, 18, 19, -16056, 4608, 13368, 0, 0, 0, 1843, 1663927301149
-25, -17, -17, -18, -17, -17, -14, -15, -12, -6, -3, 1, 6, 10, 12, 14, 14, 14, -28, -22, -19, -16, -17, -17, -15, -15, -12, -7, -2, 2, 6, 12, 14, 16, 16, 18, -17208, 4816, 13048, 0, 0, 0, 1843, 1663927301408
-25, -19, -19, -18, -17, -17, -14, -12, -7, -1, 2, 5, 11, 15, 19, 21, 22, 23, -39, -34, -27, -23, -22, -22, -20, -18, -15, -10, -6, -3, 1, 6, 10, 15, 18, 21, -11792, 960, 5856, 0, 0, 0, 1843, 1663927301536
-30, -20, -18, -17, -14, -13, -10, -8, -3, 2, 5, 9, 14, 17, 20, 21, 20, 20, -37, -28, -23, -20, -19, -20, -18, -17, -15, -10, -6, -2, 1, 6, 10, 14, 16, 19, -12064, 1104, 6176, 0, 0, 0, 1843, 1663927301768
-31, -21, -21, -21, -18, -16, -12, -10, -4, 2, 4, 7, 12, 15, 18, 20, 20, 20, -32, -24, -21, -18, -18, -19, -17, -16, -13, -8, -5, -1, 2, 7, 10, 14, 16, 19, -14008, -2304, 6024, 0, 0, 0, 1843, 1663927301956
-34, -28, -28, -29, -27, -25, -20, -17, -13, -7, -4, -1, 5, 8, 12, 14, 14, 16, -36, -31, -27, -23, -22, -21, -17, -13, -8, -2, 3, 6, 10, 15, 17, 19, 19, 19, -14592, -2384, 6824, 0, 0, 0, 1843, 1663927302139
-35, -25, -25, -27, -26, -25, -23, -23, -17, -10, -5, -2, 6, 10, 13, 14, 14, 14, -32, -24, -21, -18, -18, -19, -17, -15, -10, -2, 4, 9, 13, 17, 19, 19, 18, 16, -12008, -1528, 11144, 0, 0, 0, 1843, 1663927302366
-26, -18, -17, -18, -17, -16, -14, -13, -8, -2, 1, 4, 9, 12, 14, 14, 14, 13, -28, -22, -19, -16, -17, -18, -16, -15, -14, -7, -3, 2, 6, 11, 14, 17, 16, 17, -11872, -1872, 11184, 0, 0, 0, 1843, 1663927302526
-27, -20, -19, -18, -17, -15, -12, -9, -5, 0, 2, 5, 11, 14, 18, 21, 21, 22, -45, -37, -30, -25, -23, -21, -17, -15, -12, -7, -4, -1, 3, 8, 11, 15, 18, 21, -13176, 824, 5184, 0, 0, 0, 1843, 1663927302737
-32, -23, -21, -19, -17, -15, -11, -8, -3, 4, 7, 11, 17, 18, 20, 20, 19, 17, -33, -26, -23, -20, -22, -23, -20, -19, -15, -10, -4, -1, 4, 10, 13, 17, 18, 19, -12904, 648, 4608, 0, 0, 0, 1843, 1663927302973
-28, -20, -20, -21, -19, -17, -13, -12, -8, -3, -1, 2, 7, 10, 14, 15, 15, 16, -33, -26, -23, -20, -19, -18, -13, -12, -8, -4, 1, 4, 6, 11, 13, 15, 15, 17, -12904, 648, 4608, 0, 0, 0, 1843, 1663927303124
-41, -37, -34, -34, -32, -29, -22, -20, -16, -12, -9, -6, 1, 6, 11, 15, 18, 20, -42, -37, -32, -27, -23, -21, -15, -11, -8, -2, 2, 7, 11, 16, 20, 23, 23, 24, -5168, -352, 1288, 0, 0, 0, 1843, 1663927303360
-25, -18, -20, -23, -23, -25, -24, -24, -19, -12, -9, -5, 1, 6, 10, 12, 15, 17, -31, -25, -22, -20, -20, -21, -16, -14, -9, -1, 6, 9, 13, 17, 19, 19, 19, 19, -16640, -1056, 4160, 0, 0, 0, 1843, 1663927303547
-28, -20, -19, -19, -18, -14, -12, -11, -6, -1, 2, 4, 10, 12, 15, 15, 16, 16, -31, -25, -21, -18, -19, -18, -16, -14, -12, -8, -3, 1, 4, 9, 12, 15, 17, 19, -12432, 904, 3120, 0, 0, 0, 1843, 1663927303730
-27, -23, -22, -21, -18, -16, -12, -11, -8, -3, 1, 4, 11, 14, 18, 20, 21, 22, -47, -41, -33, -27, -23, -22, -17, -15, -12, -9, -4, 0, 4, 9, 13, 17, 20, 22, -12352, 824, 3112, 0, 0, 0, 1843, 1663927303974
-30, -22, -21, -23, -21, -20, -15, -12, -5, 1, 5, 7, 12, 14, 16, 17, 17, 17, -27, -23, -21, -18, -21, -22, -20, -18, -14, -9, -3, 0, 4, 9, 13, 16, 18, 20, -14176, 5464, 9664, 0, 0, 0, 1843, 1663927304145
-25, -20, -23, -25, -24, -21, -18, -15, -10, -5, -3, -2, 4, 6, 10, 12, 13, 15, -27, -23, -23, -21, -20, -19, -14, -11, -7, -1, 3, 6, 9, 13, 15, 16, 17, 18, -14200, 5328, 10208, 0, 0, 0, 1843, 1663927304325
-38, -37, -36, -37, -34, -30, -22, -18, -13, -8, -7, -7, 0, 4, 8, 12, 16, 19, -39, -38, -34, -28, -24, -22, -15, -10, -5, 0, 4, 5, 10, 14, 18, 22, 23, 24, -15792, -976, 6600, 0, 0, 0, 1843, 1663927304559
-23, -20, -26, -30, -31, -30, -27, -25, -20, -13, -9, -5, 1, 5, 9, 12, 15, 17, -30, -28, -27, -25, -25, -24, -19, -16, -10, -3, 2, 6, 11, 16, 18, 21, 21, 22, -15448, -656, 6912, 0, 0, 0, 1843, 1663927304748
-24, -19, -22, -24, -22, -21, -17, -17, -12, -7, -4, -2, 3, 6, 9, 12, 13, 16, -29, -25, -24, -22, -22, -21, -18, -16, -13, -6, -2, 2, 6, 10, 12, 15, 17, 19, -12560, 568, 4624, 0, 0, 0, 1843, 1663927304928
-26, -23, -23, -23, -20, -19, -15, -15, -11, -6, -3, -1, 5, 8, 12, 14, 16, 19, -42, -37, -31, -25, -22, -20, -16, -13, -10, -5, -1, 3, 6, 11, 13, 16, 17, 20, -13016, 536, 4936, 0, 0, 0, 1843, 1663927305139
-27, -23, -23, -21, -22, -22, -18, -16, -10, -4, -1, 3, 9, 12, 16, 17, 19, 20, -30, -28, -26, -22, -21, -24, -22, -20, -15, -8, -3, 1, 7, 12, 16, 20, 22, 23, -11008, 5520, 11992, 0, 0, 0, 1843, 1663927305373
-23, -18, -21, -24, -23, -21, -17, -16, -11, -6, -3, -2, 3, 6, 10, 13, 14, 17, -30, -27, -26, -24, -24, -21, -17, -15, -9, -4, 1, 3, 5, 10, 12, 15, 16, 18, -11520, 5656, 11752, 0, 0, 0, 1843, 1663927305526
-26, -26, -28, -29, -28, -28, -24, -23, -21, -16, -14, -11, -4, 1, 6, 11, 16, 21, -38, -36, -33, -29, -24, -22, -15, -12, -8, -2, 2, 6, 10, 16, 19, 23, 24, 24, -16336, -1032, 5712, 0, 0, 0, 1843, 1663927305736
-19, -16, -19, -24, -25, -27, -28, -28, -24, -17, -13, -9, -2, 3, 8, 12, 16, 18, -31, -27, -25, -23, -23, -22, -19, -17, -11, -3, 2, 6, 11, 15, 18, 20, 21, 21, -16024, -792, 5704, 0, 0, 0, 1843, 1663927305952
-22, -18, -20, -21, -21, -19, -16, -16, -12, -6, -3, 1, 7, 10, 14, 16, 17, 18, -29, -26, -23, -20, -20, -20, -19, -17, -15, -10, -5, -1, 2, 8, 12, 16, 18, 20, -10904, 3248, 4568, 0, 0, 0, 1843, 1663927306124
-27, -27, -26, -22, -21, -19, -15, -13, -10, -5, -1, 3, 11, 15, 19, 22, 23, 23, -50, -47, -40, -33, -28, -26, -20, -17, -14, -10, -6, -1, 4, 10, 14, 19, 22, 24, -11064, 3256, 4552, 0, 0, 0, 1843, 1663927306358
-28, -23, -22, -21, -22, -25, -21, -20, -10, -1, 5, 10, 17, 21, 24, 23, 22, 22, -25, -24, -23, -20, -22, -26, -27, -26, -21, -13, -7, -1, 4, 12, 15, 19, 21, 23, -19496, 2456, 14552, 0, 0, 0, 1843, 1663927306545
-21, -19, -22, -26, -25, -24, -21, -19, -13, -7, -5, -3, 3, 6, 10, 13, 16, 19, -31, -30, -29, -28, -27, -25, -19, -15, -10, -2, 2, 5, 8, 12, 14, 16, 17, 19, -19536, 2200, 14344, 0, 0, 0, 1843, 1663927306726
-47, -44, -38, -36, -34, -31, -22, -19, -14, -10, -9, -7, 0, 4, 9, 14, 18, 22, -43, -42, -36, -30, -26, -24, -17, -12, -7, -2, 1, 5, 9, 14, 19, 22, 24, 25, -17664, -432, 7368, 0, 0, 0, 1843, 1663927306962
-15, -12, -16, -20, -21, -24, -25, -26, -21, -16, -11, -8, -1, 3, 8, 10, 12, 15, -29, -26, -24, -22, -22, -23, -19, -15, -10, -2, 4, 8, 12, 17, 18, 19, 18, 18, -18048, -552, 7208, 0, 0, 0, 1843, 1663927307147
-27, -20, -20, -20, -18, -16, -13, -12, -8, -2, 1, 4, 10, 12, 14, 15, 16, 17, -31, -26, -23, -19, -19, -19, -17, -16, -13, -9, -4, -1, 3, 7, 11, 14, 17, 19, -11160, 1856, 4080, 0, 0, 0, 1843, 1663927307331
-26, -24, -23, -21, -19, -19, -14, -12, -8, -3, 1, 5, 11, 14, 18, 20, 21, 22, -51, -46, -38, -33, -29, -26, -19, -16, -12, -8, -3, 0, 3, 9, 12, 16, 18, 21, -11080, 1792, 4040, 0, 0, 0, 1843, 1663927307557
-23, -19, -21, -24, -24, -22, -17, -14, -7, -1, 1, 4, 10, 13, 18, 20, 22, 23, -25, -24, -25, -24, -25, -26, -23, -20, -15, -9, -5, -1, 3, 8, 12, 17, 19, 22, -11080, 1792, 4040, 0, 0, 0, 1843, 1663927307716
-17, -19, -25, -30, -30, -29, -25, -22, -18, -12, -8, -5, 3, 7, 12, 16, 18, 21, -29, -31, -32, -32, -31, -29, -24, -19, -13, -5, 0, 5, 10, 15, 18, 21, 22, 23, -3768, -312, 1224, 0, 0, 0, 1843, 1663927307931
-45, -44, -39, -37, -36, -35, -29, -28, -24, -18, -15, -11, -1, 6, 14, 19, 23, 25, -40, -41, -35, -30, -26, -25, -20, -18, -13, -7, -1, 4, 11, 19, 23, 29, 29, 29, -11448, -1048, 4008, 0, 0, 0, 1843, 1663927308157
-13, -9, -14, -19, -21, -24, -25, -28, -26, -20, -16, -12, -5, 1, 6, 9, 13, 16, -26, -25, -23, -22, -22, -22, -19, -16, -12, -4, 3, 7, 13, 17, 20, 21, 21, 21, -19232, 4656, 6128, 0, 0, 0, 1843, 1663927308317
-26, -19, -19, -19, -18, -16, -13, -12, -8, -2, 1, 4, 10, 13, 16, 17, 18, 19, -33, -27, -24, -20, -20, -20, -18, -16, -14, -10, -5, -2, 2, 7, 10, 15, 17, 20, -19248, 4568, 5936, 0, 0, 0, 1843, 1663927308550
-25, -23, -23, -23, -21, -17, -11, -8, -4, 1, 4, 6, 12, 16, 20, 21, 21, 21, -44, -40, -35, -31, -29, -25, -20, -16, -13, -9, -5, -2, 1, 7, 11, 16, 18, 21, -20008, 3232, 3048, 0, 0, 0, 1843, 1663927308735
-25, -21, -23, -24, -24, -22, -16, -12, -4, 3, 6, 10, 17, 19, 22, 22, 21, 20, -23, -23, -24, -24, -26, -29, -26, -22, -18, -10, -5, -1, 4, 9, 12, 16, 18, 19, -19656, 2696, 3216, 0, 0, 0, 1843, 1663927308915
-21, -18, -22, -27, -26, -26, -23, -21, -18, -12, -9, -5, 1, 5, 10, 13, 16, 18, -29, -27, -28, -27, -26, -25, -19, -15, -9, -2, 3, 7, 11, 16, 18, 20, 20, 20, -11496, 112, 4256, 0, 0, 0, 1843, 1663927309131
-46, -39, -35, -34, -32, -28, -23, -22, -20, -15, -11, -8, -1, 3, 9, 13, 16, 20, -38, -34, -31, -26, -23, -21, -15, -13, -9, -2, 4, 8, 12, 18, 20, 23, 23, 23, -11656, -136, 4272, 0, 0, 0, 1843, 1663927309357
-13, -9, -13, -17, -19, -21, -21, -22, -20, -15, -11, -7, -1, 3, 8, 10, 12, 15, -28, -25, -24, -21, -20, -20, -15, -13, -8, -3, 2, 7, 10, 14, 15, 17, 17, 17, -13920, 4640, 4328, 0, 0, 0, 1843, 1663927309521
-23, -17, -19, -19, -18, -16, -13, -11, -8, -3, 0, 2, 9, 12, 15, 17, 19, 20, -33, -29, -26, -23, -22, -21, -17, -15, -13, -8, -4, -1, 3, 8, 11, 15, 18, 20, -13648, 4264, 4648, 0, 0, 0, 1843, 1663927309745
-26, -23, -23, -23, -20, -17, -12, -10, -5, 0, 4, 6, 11, 13, 17, 18, 18, 18, -40, -34, -31, -27, -25, -23, -19, -16, -12, -8, -3, 1, 4, 10, 12, 16, 17, 19, -16824, 1648, 10368, 0, 0, 0, 1843, 1663927309942
-28, -24, -25, -26, -24, -20, -15, -12, -5, 0, 2, 4, 9, 11, 14, 15, 16, 18, -28, -26, -26, -24, -24, -23, -19, -15, -11, -5, -1, 1, 4, 9, 11, 15, 16, 18, -16696, 1936, 10664, 0, 0, 0, 1843, 1663927310116
-26, -24, -26, -28, -28, -28, -25, -23, -20, -15, -13, -9, -3, 2, 8, 12, 17, 21, -31, -29, -28, -25, -23, -23, -18, -15, -10, -4, 1, 5, 10, 15, 18, 22, 24, 25, -11992, 240, 5712, 0, 0, 0, 1843, 1663927310351
-45, -37, -35, -36, -32, -28, -23, -21, -18, -12, -8, -4, 2, 6, 10, 12, 13, 16, -39, -33, -29, -26, -24, -21, -15, -13, -8, -1, 4, 9, 12, 16, 18, 19, 19, 19, -12168, 144, 5872, 0, 0, 0, 1843, 1663927310544
-22, -17, -19, -21, -20, -18, -16, -15, -13, -8, -5, -2, 3, 7, 10, 12, 13, 15, -30, -25, -23, -20, -19, -18, -14, -13, -10, -6, -2, 1, 5, 9, 12, 15, 16, 18, -13856, 2544, 4928, 0, 0, 0, 1843, 1663927310746
-24, -19, -19, -19, -17, -16, -13, -12, -8, -4, 0, 4, 10, 14, 18, 20, 21, 22, -37, -33, -29, -25, -23, -21, -18, -17, -14, -10, -7, -3, 2, 8, 11, 16, 19, 22, -13720, 2848, 5168, 0, 0, 0, 1843, 1663927310925
-25, -19, -18, -17, -16, -18, -16, -16, -11, -4, 1, 6, 13, 17, 20, 22, 22, 23, -31, -26, -23, -18, -19, -22, -21, -21, -18, -12, -6, -1, 4, 10, 14, 19, 21, 22, -10888, 8192, 12096, 0, 0, 0, 1843, 1663927311172
-17, -14, -18, -21, -21, -21, -20, -19, -16, -11, -7, -5, 3, 7, 13, 17, 19, 23, -27, -26, -25, -24, -24, -24, -20, -18, -14, -10, -4, 0, 4, 10, 13, 16, 19, 22, -11024, 8232, 12416, 0, 0, 0, 1843, 1663927311320
-30, -26, -27, -26, -24, -24, -22, -24, -22, -19, -17, -14, -5, 1, 9, 15, 20, 24, -38, -34, -29, -24, -20, -20, -16, -16, -14, -9, -5, -1, 5, 12, 17, 23, 26, 28, -14736, -1520, 4336, 0, 0, 0, 1843, 1663927311538
-16, -11, -14, -17, -19, -21, -23, -25, -23, -18, -14, -10, -4, 1, 6, 10, 13, 17, -27, -24, -21, -19, -19, -20, -17, -15, -11, -4, 1, 5, 11, 15, 18, 20, 19, 20, -14880, -1640, 4736, 0, 0, 0, 1843, 1663927311738
-25, -17, -16, -17, -15, -16, -13, -15, -12, -8, -4, -2, 5, 8, 13, 15, 18, 20, -30, -25, -21, -16, -16, -17, -16, -16, -15, -11, -7, -3, 0, 6, 11, 16, 19, 21, -9704, 1288, 3200, 0, 0, 0, 1843, 1663927311921
-25, -22, -21, -19, -16, -16, -12, -12, -10, -6, -3, 0, 7, 11, 16, 19, 21, 23, -48, -42, -35, -28, -23, -21, -17, -15, -13, -10, -7, -3, 1, 6, 10, 15, 19, 22, -9720, 1440, 3552, 0, 0, 0, 1843, 1663927312180
-28, -20, -19, -20, -17, -15, -12, -11, -7, -2, 1, 3, 10, 14, 18, 20, 21, 22, -26, -21, -20, -18, -19, -20, -19, -18, -16, -12, -8, -5, 0, 6, 10, 15, 18, 21, -9720, 1440, 3552, 0, 0, 0, 1843, 1663927312341
-19, -17, -20, -23, -23, -24, -23, -23, -20, -14, -11, -7, -1, 3, 9, 13, 17, 21, -31, -29, -28, -25, -25, -24, -20, -18, -12, -5, 0, 4, 8, 13, 16, 19, 21, 22, -3568, -56, 1104, 0, 0, 0, 1843, 1663927312514
-46, -39, -33, -31, -27, -25, -19, -18, -16, -11, -9, -7, -1, 3, 8, 12, 15, 18, -41, -36, -31, -25, -20, -19, -15, -12, -9, -5, -1, 2, 7, 13, 16, 20, 21, 22, -11128, -552, 3928, 0, 0, 0, 1843, 1663927312750
-13, -7, -10, -14, -16, -19, -21, -23, -21, -16, -12, -8, -2, 3, 8, 11, 13, 14, -27, -23, -21, -18, -18, -18, -16, -15, -10, -3, 3, 7, 11, 16, 17, 18, 18, 17, -16152, 6560, 3560, 0, 0, 0, 1843, 1663927312907
-25, -18, -16, -15, -14, -14, -12, -13, -9, -4, -1, 2, 8, 12, 17, 19, 20, 22, -34, -29, -25, -20, -19, -19, -17, -16, -15, -11, -7, -4, 0, 5, 10, 15, 18, 21, -16192, 6216, 3656, 0, 0, 0, 1843, 1663927313123
-26, -22, -21, -20, -18, -16, -12, -11, -7, -3, -1, 4, 10, 13, 18, 20, 21, 23, -45, -39, -33, -27, -24, -22, -17, -16, -13, -10, -6, -2, 1, 7, 11, 15, 18, 21, -19328, 3528, 6000, 0, 0, 0, 1843, 1663927313340
-25, -22, -22, -22, -21, -19, -15, -13, -8, -2, 1, 4, 11, 14, 18, 20, 21, 21, -27, -26, -26, -23, -22, -23, -20, -18, -15, -9, -5, -2, 2, 8, 11, 16, 18, 21, -19384, 3464, 6096, 0, 0, 0, 1843, 1663927313505
-22, -22, -26, -27, -26, -25, -21, -21, -18, -14, -12, -9, -1, 5, 12, 17, 21, 23, -31, -30, -29, -26, -24, -23, -18, -15, -12, -8, -3, 1, 6, 12, 17, 22, 23, 26, -13072, -112, 5408, 0, 0, 0, 1843, 1663927313722
-47, -41, -36, -33, -29, -27, -23, -23, -21, -15, -10, -6, 3, 8, 15, 19, 22, 23, -40, -37, -32, -26, -22, -22, -19, -19, -16, -9, -2, 3, 9, 16, 20, 23, 24, 25, -13008, -184, 5200, 0, 0, 0, 1843, 1663927313927
-19, -15, -18, -21, -21, -19, -17, -18, -15, -11, -8, -5, 1, 5, 9, 12, 14, 16, -29, -25, -23, -20, -19, -17, -14, -13, -11, -6, -2, 2, 5, 10, 13, 16, 17, 19, -13512, 2672, 5008, 0, 0, 0, 1843, 1663927314106
-24, -20, -20, -19, -18, -17, -14, -12, -9, -4, -1, 3, 9, 13, 18, 20, 22, 23, -38, -34, -29, -25, -23, -22, -19, -17, -14, -10, -6, -3, 1, 7, 11, 16, 19, 23, -13544, 2608, 5368, 0, 0, 0, 1843, 1663927314355
-26, -20, -20, -20, -18, -16, -11, -9, -5, 0, 4, 7, 13, 15, 18, 18, 18, 19, -33, -28, -25, -22, -22, -23, -20, -18, -15, -10, -5, -2, 2, 8, 11, 14, 16, 19, -15848, -648, 13568, 0, 0, 0, 1843, 1663927314577
-25, -20, -21, -23, -21, -18, -14, -12, -8, -2, 0, 2, 7, 10, 13, 16, 17, 20, -31, -27, -25, -23, -23, -21, -17, -15, -11, -6, -2, 1, 4, 8, 11, 14, 16, 19, -15944, -360, 13112, 0, 0, 0, 1843, 1663927314706
-42, -38, -35, -34, -31, -29, -24, -22, -18, -13, -10, -6, 3, 8, 15, 18, 22, 24, -42, -40, -34, -28, -24, -23, -19, -16, -13, -7, -3, 2, 8, 15, 20, 25, 26, 27, -16576, 328, 6312, 0, 0, 0, 1843, 1663927314950
-19, -14, -17, -22, -23, -24, -24, -26, -23, -17, -12, -8, -1, 3, 9, 12, 15, 18, -27, -24, -22, -21, -21, -21, -19, -17, -13, -5, 0, 5, 9, 14, 17, 19, 20, 19, -16656, 384, 6456, 0, 0, 0, 1843, 1663927315128
-27, -20, -20, -20, -19, -17, -14, -15, -10, -5, -1, 3, 9, 11, 14, 16, 17, 17, -30, -25, -22, -18, -18, -19, -16, -16, -14, -10, -6, -1, 3, 9, 12, 16, 17, 20, -10696, 1304, 3480, 0, 0, 0, 1843, 1663927315362
-27, -24, -23, -21, -19, -17, -12, -11, -9, -4, 0, 3, 10, 14, 18, 20, 21, 22, -49, -43, -35, -29, -25, -22, -17, -15, -13, -9, -5, -2, 2, 7, 12, 16, 19, 22, -10776, 1048, 3416, 0, 0, 0, 1843, 1663927315516
-30, -20, -20, -20, -18, -15, -11, -9, -3, 2, 4, 8, 13, 16, 19, 20, 18, 18, -25, -20, -19, -17, -19, -20, -18, -18, -16, -11, -7, -3, 1, 7, 10, 14, 16, 18, -17920, -1752, 8496, 0, 0, 0, 1843, 1663927315726
-20, -17, -20, -24, -23, -22, -20, -21, -19, -15, -11, -8, -1, 4, 9, 14, 17, 20, -30, -28, -27, -24, -22, -21, -17, -15, -12, -6, 0, 4, 8, 14, 17, 19, 21, 22, -17904, -1824, 8504, 0, 0, 0, 1843, 1663927315906
-47, -40, -36, -33, -27, -24, -19, -19, -17, -13, -11, -8, -1, 4, 10, 14, 18, 22, -38, -35, -30, -24, -20, -17, -13, -13, -11, -6, -1, 3, 8, 14, 18, 22, 23, 24, -17184, -40, 6648, 0, 0, 0, 1843, 1663927316154
-15, -10, -14, -17, -18, -18, -19, -20, -19, -14, -10, -7, -1, 3, 8, 10, 12, 15, -28, -23, -21, -18, -17, -17, -14, -12, -9, -4, 1, 4, 7, 12, 14, 17, 18, 18, -17592, 40, 6632, 0, 0, 0, 1843, 1663927316328
-24, -18, -18, -17, -16, -16, -13, -13, -10, -5, -1, 2, 9, 13, 18, 21, 21, 22, -33, -29, -26, -21, -20, -20, -17, -16, -15, -11, -7, -3, 1, 7, 11, 16, 19, 22, -12664, 176, 4704, 0, 0, 0, 1843, 1663927316509
-25, -23, -23, -22, -20, -19, -13, -12, -9, -3, 1, 5, 11, 15, 18, 21, 21, 22, -41, -37, -33, -29, -26, -24, -20, -18, -15, -10, -5, -1, 3, 10, 13, 17, 19, 21, -12592, 120, 4424, 0, 0, 0, 1843, 1663927316716
-28, -23, -24, -23, -22, -22, -17, -15, -8, -1, 1, 4, 11, 14, 18, 21, 21, 22, -27, -26, -25, -22, -22, -23, -21, -19, -16, -9, -5, -1, 2, 8, 12, 16, 19, 21, -12592, 120, 4424, 0, 0, 0, 1843, 1663927316948
-21, -20, -24, -26, -26, -24, -21, -20, -19, -14, -12, -10, -2, 4, 10, 15, 18, 22, -29, -28, -27, -25, -23, -21, -17, -15, -11, -6, -1, 2, 8, 14, 17, 21, 22, 24, -4080, -160, 1560, 0, 0, 0, 1843, 1663927317107
-37, -31, -31, -30, -27, -24, -21, -22, -19, -13, -10, -6, 1, 5, 11, 13, 16, 19, -35, -30, -27, -24, -21, -19, -15, -14, -11, -6, 0, 4, 8, 14, 16, 19, 19, 20, -12728, -672, 5016, 0, 0, 0, 1843, 1663927317344
-17, -13, -16, -19, -18, -18, -16, -16, -14, -10, -6, -3, 2, 5, 9, 12, 14, 16, -28, -24, -22, -19, -19, -17, -14, -13, -10, -6, -2, 1, 4, 10, 12, 15, 17, 18, -13464, 2832, 5456, 0, 0, 0, 1843, 1663927317528
-23, -17, -17, -16, -15, -13, -11, -11, -9, -4, -2, 1, 8, 12, 17, 20, 21, 23, -34, -30, -26, -21, -19, -19, -16, -15, -14, -11, -7, -3, 0, 5, 9, 15, 18, 22, -13528, 2808, 5480, 0, 0, 0, 1843, 1663927317707
-28, -24, -22, -19, -17, -15, -11, -10, -8, -3, 1, 4, 12, 15, 18, 20, 21, 21, -41, -34, -28, -23, -21, -20, -17, -16, -15, -11, -7, -2, 2, 8, 11, 16, 18, 20, -17648, 1184, 11688, 0, 0, 0, 1843, 1663927317938
-30, -23, -23, -22, -19, -17, -13, -11, -6, -1, 1, 4, 9, 13, 17, 19, 20, 21, -29, -25, -23, -20, -19, -20, -17, -16, -13, -9, -6, -3, 1, 6, 10, 14, 16, 20, -17776, 1296, 11736, 0, 0, 0, 1843, 1663927318099
-28, -25, -26, -27, -25, -23, -18, -16, -13, -10, -9, -8, -2, 1, 6, 11, 16, 19, -32, -28, -26, -22, -19, -18, -13, -11, -9, -4, 0, 1, 5, 10, 14, 19, 21, 23, -14008, 296, 4944, 0, 0, 0, 1843, 1663927318346
-42, -34, -30, -27, -24, -22, -21, -22, -19, -12, -9, -4, 2, 7, 11, 15, 17, 19, -36, -30, -26, -21, -19, -19, -16, -16, -12, -7, -2, 1, 6, 11, 14, 17, 19, 20, -12728, 768, 5544, 0, 0, 0, 1843, 1663927318520
-23, -17, -18, -19, -17, -16, -14, -14, -12, -6, -3, 0, 6, 9, 12, 14, 15, 17, -30, -24, -21, -18, -17, -17, -16, -15, -12, -8, -4, 0, 4, 9, 12, 16, 17, 18, -13392, 1816, 6440, 0, 0, 0, 1843, 1663927318696
-25, -21, -20, -17, -16, -15, -12, -10, -6, -1, 1, 5, 12, 15, 20, 22, 23, 24, -42, -37, -31, -25, -23, -23, -18, -17, -15, -10, -6, -4, 0, 6, 11, 16, 19, 22, -13744, 1600, 6472, 0, 0, 0, 1843, 1663927318959
-32, -27, -24, -20, -18, -16, -12, -11, -7, -1, 4, 8, 15, 19, 21, 23, 22, 22, -41, -34, -29, -24, -23, -23, -19, -18, -16, -12, -5, -1, 3, 9, 13, 17, 19, 21, -20608, -1640, 15520, 0, 0, 0, 1843, 1663927319122
-29, -23, -24, -25, -22, -19, -13, -10, -5, 0, 2, 3, 9, 12, 16, 18, 19, 21, -31, -28, -26, -24, -23, -22, -18, -15, -11, -6, -3, 1, 3, 7, 10, 14, 16, 19, -20304, -1432, 15464, 0, 0, 0, 1843, 1663927319300
-34, -31, -31, -31, -29, -25, -19, -17, -13, -9, -7, -6, 0, 4, 10, 14, 18, 21, -35, -33, -29, -24, -22, -20, -16, -12, -9, -4, 0, 3, 7, 12, 16, 20, 22, 24, -17176, -2184, 6608, 0, 0, 0, 1843, 1663927319528
-30, -23, -24, -26, -25, -23, -21, -21, -17, -11, -7, -3, 3, 6, 11, 14, 16, 18, -31, -25, -23, -20, -20, -19, -16, -15, -10, -4, 1, 4, 8, 13, 15, 17, 18, 19, -17320, -2608, 6880, 0, 0, 0, 1843, 1663927319721
-26, -19, -20, -20, -18, -16, -13, -12, -9, -4, 0, 3, 9, 11, 15, 15, 16, 17, -30, -24, -21, -18, -18, -19, -16, -16, -13, -9, -4, 0, 4, 9, 12, 16, 17, 18, -11496, 2600, 4440, 0, 0, 0, 1843, 1663927319895
-26, -24, -23, -22, -20, -17, -13, -11, -8, -2, 2, 6, 12, 16, 20, 22, 23, 23, -47, -42, -35, -30, -26, -24, -20, -16, -15, -10, -6, -1, 3, 10, 13, 18, 20, 24, -11496, 2568, 4336, 0, 0, 0, 1843, 1663927320107
-30, -22, -22, -21, -20, -19, -14, -12, -4, 3, 8, 11, 17, 19, 22, 22, 21, 22, -30, -25, -23, -21, -22, -24, -23, -21, -17, -11, -5, 0, 5, 10, 14, 18, 19, 21, -14968, 5840, 15592, 0, 0, 0, 1843, 1663927320339
-24, -18, -20, -21, -20, -20, -17, -15, -11, -6, -2, 1, 7, 10, 14, 16, 18, 20, -29, -25, -23, -20, -21, -20, -17, -16, -12, -7, -3, 1, 4, 9, 12, 15, 17, 19, -15536, 6232, 15848, 0, 0, 0, 1843, 1663927320497
-40, -32, -30, -29, -25, -22, -18, -17, -15, -9, -6, -3, 3, 8, 13, 15, 16, 19, -36, -30, -26, -21, -18, -17, -13, -12, -9, -5, -1, 3, 7, 12, 15, 18, 20, 20, -19120, 464, 4032, 0, 0, 0, 1843, 1663927320708
-17, -10, -13, -16, -18, -19, -19, -20, -17, -13, -9, -6, 1, 5, 10, 12, 13, 15, -27, -23, -20, -17, -17, -17, -15, -13, -9, -3, 1, 6, 9, 14, 15, 17, 17, 17, -19392, 440, 3840, 0, 0, 0, 1843, 1663927320916
-26, -19, -19, -18, -17, -17, -15, -14, -10, -4, 0, 5, 12, 15, 18, 20, 20, 21, -32, -26, -23, -18, -18, -19, -19, -19, -16, -11, -7, -2, 3, 9, 13, 17, 20, 22, -10104, 1920, 4520, 0, 0, 0, 1843, 1663927321105
-28, -26, -24, -21, -19, -18, -15, -14, -11, -6, -1, 3, 11, 16, 20, 23, 24, 24, -50, -45, -37, -30, -26, -23, -19, -17, -15, -10, -6, -1, 3, 9, 14, 19, 21, 24, -10152, 1992, 4696, 0, 0, 0, 1843, 1663927321341
-27, -22, -22, -23, -20, -17, -12, -10, -6, -1, 1, 4, 11, 15, 19, 21, 23, 23, -23, -21, -21, -20, -21, -21, -19, -17, -15, -10, -6, -3, 1, 7, 11, 16, 20, 22, -10152, 1992, 4696, 0, 0, 0, 1843, 1663927321548
-18, -15, -19, -22, -23, -23, -21, -20, -17, -11, -7, -5, 2, 5, 10, 14, 16, 19, -28, -27, -26, -25, -24, -23, -18, -15, -10, -3, 3, 6, 10, 13, 16, 18, 19, 20, -2944, -272, 1080, 0, 0, 0, 1843, 1663927321702
-44, -40, -35, -31, -26, -27, -25, -25, -22, -16, -13, -8, 0, 6, 13, 17, 21, 23, -40, -38, -33, -25, -19, -19, -17, -16, -15, -9, -4, 2, 7, 14, 19, 24, 25, 26, -9464, -1048, 3784, 0, 0, 0, 1843, 1663927321937
-16, -11, -15, -19, -20, -21, -21, -21, -18, -13, -9, -6, 1, 5, 9, 12, 14, 16, -27, -24, -22, -20, -20, -19, -17, -15, -12, -6, -1, 3, 7, 11, 14, 17, 17, 19, -16328, 2752, 8192, 0, 0, 0, 1843, 1663927322120
-27, -21, -20, -19, -18, -19, -17, -17, -12, -4, 2, 7, 15, 19, 23, 23, 23, 22, -32, -27, -24, -20, -20, -22, -21, -21, -20, -15, -9, -5, 1, 8, 12, 18, 20, 22, -16064, 2656, 8272, 0, 0, 0, 1843, 1663927322377
-26, -25, -24, -24, -22, -20, -15, -13, -7, -2, 2, 7, 14, 18, 22, 24, 24, 23, -47, -44, -38, -32, -29, -27, -22, -19, -16, -10, -6, -1, 4, 10, 15, 19, 21, 23, -16816, 3016, 4856, 0, 0, 0, 1843, 1663927322535
-25, -22, -23, -23, -23, -22, -19, -17, -10, -2, 3, 8, 15, 19, 22, 23, 24, 23, -24, -24, -25, -22, -23, -26, -24, -23, -19, -12, -6, -1, 4, 10, 13, 18, 20, 21, -17032, 3208, 4800, 0, 0, 0, 1843, 1663927322688
-23, -21, -25, -28, -28, -27, -24, -23, -19, -13, -9, -6, 2, 7, 12, 17, 20, 23, -29, -28, -28, -26, -24, -24, -20, -17, -13, -7, -1, 3, 8, 14, 18, 22, 24, 25, -10184, -8, 4520, 0, 0, 0, 1843, 1663927322930
-48, -42, -38, -34, -29, -28, -25, -24, -21, -14, -9, -5, 3, 7, 14, 17, 20, 22, -38, -35, -30, -25, -21, -20, -17, -16, -13, -6, 0, 5, 10, 16, 19, 22, 23, 23, -10312, 80, 4560, 0, 0, 0, 1843, 1663927323138
-19, -16, -19, -23, -23, -21, -18, -18, -15, -9, -6, -3, 3, 6, 11, 12, 14, 16, -29, -27, -25, -22, -22, -20, -16, -14, -10, -5, 0, 3, 7, 11, 14, 16, 17, 19, -13784, 3056, 5808, 0, 0, 0, 1843, 1663927323314
-22, -20, -22, -22, -22, -20, -15, -13, -8, -2, 2, 5, 12, 15, 19, 21, 22, 22, -37, -35, -32, -29, -27, -25, -21, -18, -15, -10, -5, -1, 3, 9, 13, 17, 19, 23, -13984, 3592, 5304, 0, 0, 0, 1843, 1663927323496
-25, -24, -24, -23, -23, -21, -17, -15, -10, -3, 3, 8, 15, 18, 21, 22, 21, 22, -40, -37, -33, -29, -28, -27, -23, -20, -17, -9, -4, 1, 6, 12, 15, 18, 20, 21, -17896, -1544, 13848, 0, 0, 0, 1843, 1663927323706
-25, -22, -24, -26, -24, -21, -17, -14, -8, -1, 2, 5, 10, 13, 16, 17, 18, 19, -29, -27, -27, -25, -25, -23, -19, -17, -12, -6, -2, 2, 5, 10, 12, 15, 17, 19, -17888, -1664, 13944, 0, 0, 0, 1843, 1663927323886
-31, -29, -30, -30, -29, -28, -23, -21, -17, -12, -10, -6, 1, 5, 11, 15, 19, 21, -36, -33, -29, -26, -23, -23, -18, -15, -11, -5, 0, 4, 8, 14, 18, 21, 23, 24, -14568, -1432, 6696, 0, 0, 0, 1843, 1663927324123
-26, -20, -22, -26, -26, -26, -25, -25, -21, -15, -11, -7, 0, 5, 9, 12, 14, 16, -32, -27, -25, -22, -22, -22, -18, -16, -11, -3, 2, 7, 12, 15, 18, 20, 19, 20, -14376, -1408, 6536, 0, 0, 0, 1843, 1663927324307
-24, -18, -19, -21, -19, -18, -14, -15, -11, -6, -3, 0, 6, 8, 12, 13, 14, 16, -28, -24, -21, -19, -19, -19, -16, -15, -12, -8, -4, 0, 4, 9, 12, 15, 17, 19, -11744, 3008, 4512, 0, 0, 0, 1843, 1663927324485
-26, -22, -21, -20, -18, -16, -12, -10, -7, -2, 1, 4, 11, 14, 18, 20, 21, 22, -45, -39, -32, -27, -24, -22, -17, -15, -13, -9, -5, -1, 3, 7, 11, 15, 19, 21, -11840, 2608, 4744, 0, 0, 0, 1843, 1663927324698
-24, -18, -19, -21, -21, -19, -15, -12, -7, -1, 3, 6, 12, 15, 19, 20, 20, 21, -25, -23, -23, -22, -23, -25, -22, -20, -16, -11, -6, -3, 1, 8, 12, 16, 18, 21, -18192, 3720, 11008, 0, 0, 0, 1843, 1663927324941
-18, -15, -18, -21, -21, -21, -18, -18, -14, -9, -6, -4, 2, 6, 11, 14, 17, 20, -29, -26, -26, -25, -24, -23, -18, -16, -10, -4, 1, 4, 7, 12, 14, 16, 18, 19, -18336, 3800, 10976, 0, 0, 0, 1843, 1663927325088
-41, -36, -33, -32, -29, -25, -19, -17, -14, -11, -9, -8, -2, 2, 8, 12, 16, 21, -37, -34, -30, -26, -22, -19, -13, -11, -8, -3, 0, 3, 7, 12, 16, 21, 22, 24, -18272, -400, 6792, 0, 0, 0, 1843, 1663927325321
-14, -9, -12, -16, -18, -20, -21, -23, -22, -17, -13, -9, -2, 2, 7, 10, 13, 16, -27, -24, -21, -18, -19, -19, -16, -14, -10, -3, 2, 7, 11, 16, 17, 19, 19, 19, -18296, -336, 6752, 0, 0, 0, 1843, 1663927325507
-25, -18, -17, -17, -16, -16, -14, -14, -11, -5, -1, 2, 9, 13, 17, 19, 20, 22, -31, -26, -23, -19, -19, -19, -17, -17, -16, -11, -7, -3, 2, 8, 12, 17, 19, 22, -11080, 24, 3368, 0, 0, 0, 1843, 1663927325686
-24, -22, -21, -21, -18, -17, -13, -11, -8, -4, 0, 4, 9, 13, 18, 20, 21, 22, -44, -40, -33, -29, -25, -23, -18, -15, -13, -9, -5, -1, 3, 9, 12, 17, 19, 21, -11352, 216, 3176, 0, 0, 0, 1843, 1663927325910
-24, -18, -20, -22, -21, -20, -16, -14, -8, -2, 1, 3, 9, 13, 16, 19, 20, 22, -24, -22, -22, -21, -22, -23, -21, -19, -15, -9, -4, -1, 3, 8, 11, 16, 18, 21, -11352, 216, 3176, 0, 0, 0, 1843, 1663927326110
-17, -16, -20, -25, -25, -25, -22, -22, -19, -15, -12, -10, -3, 3, 9, 14, 18, 21, -27, -27, -26, -25, -24, -23, -18, -15, -10, -4, 0, 4, 9, 14, 17, 21, 22, 23, -3720, -72, 1192, 0, 0, 0, 1843, 1663927326344
-42, -35, -32, -32, -26, -24, -19, -19, -17, -13, -9, -7, -1, 4, 9, 12, 16, 20, -37, -32, -27, -24, -19, -18, -13, -13, -10, -5, 0, 4, 8, 13, 17, 20, 21, 22, -11496, -328, 3736, 0, 0, 0, 1843, 1663927326495
-16, -13, -16, -19, -19, -19, -18, -19, -16, -11, -8, -5, 1, 4, 9, 11, 13, 16, -29, -26, -23, -20, -19, -18, -15, -12, -9, -4, 0, 4, 8, 12, 15, 17, 18, 19, -12904, 2848, 5888, 0, 0, 0, 1843, 1663927326726
-22, -17, -17, -16, -15, -14, -12, -12, -9, -4, -2, 1, 7, 11, 15, 19, 21, 23, -35, -31, -27, -22, -20, -19, -17, -16, -13, -10, -6, -4, 0, 6, 9, 14, 18, 22, -12704, 2848, 5776, 0, 0, 0, 1843, 1663927326886
-25, -23, -21, -19, -17, -15, -12, -12, -10, -5, -1, 2, 10, 15, 18, 21, 21, 23, -37, -33, -29, -23, -22, -22, -19, -17, -15, -11, -7, -2, 2, 9, 13, 18, 20, 22, -17000, -2592, 8760, 0, 0, 0, 1843, 1663927327099
-27, -22, -22, -22, -20, -18, -14, -13, -8, -4, -1, 1, 7, 9, 14, 17, 19, 21, -29, -26, -24, -22, -21, -20, -16, -15, -12, -8, -4, -1, 2, 7, 10, 14, 17, 20, -17056, -2448, 8656, 0, 0, 0, 1843, 1663927327331
-25, -24, -26, -28, -27, -25, -21, -20, -18, -15, -13, -11, -4, 1, 7, 13, 17, 22, -32, -31, -29, -25, -22, -20, -15, -13, -9, -4, -1, 3, 7, 13, 18, 22, 24, 26, -12560, -168, 4728, 0, 0, 0, 1843, 1663927327485
-31, -25, -26, -28, -28, -26, -24, -25, -21, -15, -11, -8, -1, 3, 9, 12, 16, 19, -32, -27, -24, -22, -21, -20, -17, -15, -10, -5, 1, 6, 10, 15, 17, 19, 20, 20, -12952, 16, 5104, 0, 0, 0, 1843, 1663927327717
-23, -16, -17, -19, -17, -16, -14, -14, -12, -8, -4, -2, 4, 7, 10, 13, 15, 16, -27, -22, -19, -16, -17, -16, -14, -14, -12, -7, -3, 1, 4, 9, 12, 15, 17, 18, -11480, 4712, 6472, 0, 0, 0, 1843, 1663927327876
-25, -21, -19, -18, -16, -16, -13, -12, -9, -5, -2, 2, 8, 12, 17, 20, 22, 23, -43, -38, -31, -25, -22, -21, -17, -16, -13, -10, -6, -3, 2, 7, 11, 16, 19, 22, -11912, 4000, 6376, 0, 0, 0, 1843, 1663927328112
-29, -21, -20, -19, -19, -20, -16, -14, -8, -1, 4, 8, 14, 18, 20, 21, 21, 21, -28, -25, -22, -19, -20, -23, -21, -20, -18, -12, -7, -2, 2, 9, 13, 18, 19, 22, -18000, 5760, 12920, 0, 0, 0, 1843, 1663927328296
-20, -16, -20, -23, -22, -21, -18, -16, -13, -7, -5, -2, 3, 6, 10, 14, 16, 19, -29, -26, -26, -24, -25, -23, -18, -15, -10, -5, 0, 3, 6, 11, 12, 16, 17, 19, -18104, 5688, 13048, 0, 0, 0, 1843, 1663927328477
-44, -39, -34, -32, -28, -25, -20, -18, -15, -11, -10, -8, -2, 3, 9, 14, 18, 22, -41, -39, -32, -26, -20, -20, -15, -12, -9, -4, -1, 2, 6, 13, 17, 22, 24, 25, -16680, 336, 6600, 0, 0, 0, 1843, 1663927328722
-16, -12, -14, -19, -19, -21, -23, -24, -21, -16, -12, -9, -2, 2, 7, 11, 13, 17, -27, -24, -22, -20, -20, -20, -18, -15, -11, -3, 3, 7, 11, 16, 18, 20, 20, 20, -16776, 48, 6440, 0, 0, 0, 1843, 1663927328896
-26, -19, -17, -17, -15, -15, -13, -14, -10, -4, -1, 2, 8, 11, 14, 16, 17, 18, -30, -24, -21, -17, -16, -18, -17, -16, -15, -10, -6, -2, 2, 8, 12, 15, 18, 20, -11400, 1184, 3056, 0, 0, 0, 1843, 1663927329145
-25, -23, -21, -18, -17, -17, -15, -16, -12, -7, -3, 1, 8, 12, 17, 21, 23, 23, -47, -43, -35, -29, -25, -24, -20, -17, -14, -10, -4, -1, 4, 10, 14, 18, 21, 23, -11160, 808, 2992, 0, 0, 0, 1843, 1663927329288
-23, -19, -21, -22, -23, -23, -19, -17, -10, -4, 0, 5, 11, 16, 21, 23, 23, 23, -21, -22, -23, -22, -23, -25, -24, -23, -19, -12, -7, -2, 4, 10, 15, 19, 20, 22, -16352, -4208, 7640, 0, 0, 0, 1843, 1663927329517
-16, -16, -21, -26, -26, -25, -22, -21, -18, -13, -11, -8, -2, 3, 9, 13, 17, 20, -27, -28, -29, -28, -27, -25, -19, -15, -11, -4, 1, 4, 8, 13, 17, 20, 22, 23, -16664, -4424, 7240, 0, 0, 0, 1843, 1663927329677
-45, -40, -36, -33, -29, -27, -21, -19, -18, -14, -12, -10, -3, 2, 9, 15, 19, 23, -40, -38, -33, -27, -22, -20, -15, -13, -11, -7, -3, 1, 6, 13, 18, 23, 26, 27, -17360, -2504, 4784, 0, 0, 0, 1843, 1663927329909
-12, -9, -13, -17, -20, -21, -21, -23, -21, -17, -13, -10, -3, 2, 7, 10, 13, 16, -25, -23, -23, -21, -21, -21, -17, -15, -11, -5, 0, 4, 9, 13, 16, 19, 19, 19, -17728, -2584, 4880, 0, 0, 0, 1843, 1663927330098
-22, -17, -18, -17, -15, -15, -12, -11, -8, -5, -1, 2, 9, 13, 17, 20, 21, 22, -34, -30, -26, -22, -20, -20, -16, -15, -14, -10, -7, -4, 0, 6, 9, 15, 18, 21, -12856, 688, 3760, 0, 0, 0, 1843, 1663927330281
-27, -25, -24, -21, -19, -17, -12, -10, -7, -3, 0, 3, 10, 13, 19, 22, 23, 23, -45, -42, -35, -29, -25, -24, -19, -17, -15, -11, -7, -2, 2, 8, 13, 17, 20, 22, -12824, 728, 3864, 0, 0, 0, 1843, 1663927330509
-28, -24, -23, -22, -19, -18, -15, -14, -9, -3, 0, 4, 11, 14, 19, 21, 22, 22, -28, -26, -24, -21, -20, -21, -19, -18, -16, -10, -6, -2, 2, 7, 11, 16, 17, 21, -12824, 728, 3864, 0, 0, 0, 1843, 1663927330698
-20, -19, -24, -27, -27, -26, -21, -21, -17, -12, -10, -6, 0, 5, 10, 15, 18, 21, -29, -29, -28, -26, -24, -23, -18, -14, -10, -5, 0, 3, 8, 12, 16, 20, 22, 23, -3416, 224, 976, 0, 0, 0, 1843, 1663927330908
-42, -35, -31, -28, -25, -23, -20, -21, -18, -13, -8, -4, 3, 7, 12, 15, 17, 20, -39, -32, -28, -23, -19, -19, -16, -16, -12, -5, 1, 5, 10, 15, 17, 20, 20, 20, -11752, 568, 3536, 0, 0, 0, 1843, 1663927331119
-21, -14, -15, -18, -17, -17, -15, -16, -13, -10, -6, -3, 3, 7, 11, 13, 14, 16, -29, -23, -19, -16, -16, -16, -13, -13, -10, -6, -1, 2, 6, 11, 13, 16, 16, 17, -13496, 2856, 5232, 0, 0, 0, 1843, 1663927331299
-24, -17, -17, -17, -15, -14, -12, -10, -7, -2, 1, 3, 9, 12, 16, 19, 20, 21, -35, -30, -26, -21, -20, -20, -17, -15, -12, -9, -5, -2, 1, 7, 10, 14, 17, 20, -13760, 2752, 5304, 0, 0, 0, 1843, 1663927331475
-27, -21, -19, -17, -16, -15, -11, -11, -7, -1, 3, 7, 13, 16, 19, 20, 21, 20, -35, -30, -25, -20, -21, -21, -19, -17, -15, -10, -6, -1, 3, 9, 13, 16, 18, 20, -15800, -368, 13112, 0, 0, 0, 1843, 1663927331708
-26, -21, -23, -24, -21, -19, -14, -12, -7, -3, 0, 3, 8, 11, 15, 17, 19, 19, -32, -28, -27, -25, -23, -22, -17, -14, -10, -6, -2, 1, 4, 8, 11, 14, 16, 19, -15936, 144, 12712, 0, 0, 0, 1843, 1663927331896
-31, -29, -30, -31, -28, -26, -20, -18, -15, -11, -10, -7, -1, 3, 9, 14, 17, 21, -36, -35, -30, -26, -23, -22, -16, -12, -8, -3, 1, 3, 8, 13, 17, 22, 23, 24, -15712, -704, 6208, 0, 0, 0, 1843, 1663927332131
-26, -21, -23, -26, -26, -25, -24, -23, -20, -14, -10, -6, 1, 5, 9, 13, 15, 17, -31, -26, -24, -21, -21, -20, -18, -15, -10, -4, 2, 6, 9, 13, 16, 19, 18, 19, -15528, -408, 5992, 0, 0, 0, 1843, 1663927332286
-25, -18, -18, -19, -18, -16, -14, -13, -9, -4, -1, 1, 7, 10, 13, 14, 15, 15, -28, -22, -20, -17, -17, -18, -16, -15, -13, -8, -4, 1, 4, 9, 12, 15, 16, 18, -11304, 3824, 3208, 0, 0, 0, 1843, 1663927332512
-26, -23, -22, -21, -19, -17, -12, -11, -6, -2, 2, 5, 11, 14, 18, 20, 20, 22, -45, -40, -33, -28, -24, -23, -18, -15, -13, -9, -5, -1, 3, 9, 12, 16, 19, 21, -11248, 3560, 3488, 0, 0, 0, 1843, 1663927332674
-25, -21, -22, -22, -22, -20, -14, -11, -4, 3, 7, 10, 16, 17, 19, 20, 19, 19, -28, -26, -26, -24, -25, -28, -25, -22, -17, -9, -4, 0, 5, 10, 13, 17, 18, 20, -15168, 3448, 13832, 0, 0, 0, 1843, 1663927332932
-25, -19, -20, -23, -21, -18, -15, -12, -8, -3, 1, 2, 8, 10, 14, 15, 17, 17, -32, -28, -25, -23, -22, -21, -16, -14, -10, -5, 0, 2, 6, 10, 13, 15, 15, 17, -14824, 3336, 14216, 0, 0, 0, 1843, 1663927333068
-40, -36, -33, -32, -30, -28, -22, -20, -17, -12, -9, -6, 2, 7, 12, 16, 19, 21, -42, -38, -33, -27, -23, -22, -17, -15, -10, -5, 0, 4, 9, 15, 19, 23, 24, 24, -16416, -1072, 5496, 0, 0, 0, 1843, 1663927333330
-24, -18, -21, -25, -26, -26, -25, -23, -19, -13, -9, -5, 2, 5, 9, 12, 14, 16, -31, -26, -25, -23, -23, -22, -18, -15, -9, -3, 3, 7, 10, 15, 16, 18, 18, 19, -15976, -1432, 5992, 0, 0, 0, 1843, 1663927333486
-27, -19, -20, -21, -19, -17, -13, -12, -8, -2, 2, 4, 10, 12, 14, 15, 15, 16, -30, -24, -22, -19, -20, -20, -17, -16, -13, -8, -4, 0, 4, 9, 12, 15, 16, 18, -11496, 2888, 4152, 0, 0, 0, 1843, 1663927333670
-25, -24, -24, -23, -22, -19, -14, -12, -8, -2, 2, 5, 12, 15, 19, 22, 23, 24, -46, -43, -37, -32, -29, -26, -20, -17, -14, -9, -4, 0, 4, 9, 13, 17, 20, 23, -11080, 2592, 4144, 0, 0, 0, 1843, 1663927333878
-29, -28, -27, -24, -25, -24, -18, -16, -8, 0, 7, 12, 19, 22, 25, 24, 23, 22, -38, -38, -33, -30, -30, -33, -29, -25, -18, -10, -3, 3, 9, 15, 18, 21, 22, 22, -11616, 2376, 12152, 0, 0, 0, 1843, 1663927334089
-26, -21, -24, -26, -24, -21, -16, -13, -7, -1, 2, 4, 11, 13, 16, 18, 19, 20, -32, -29, -28, -27, -25, -25, -20, -17, -13, -7, -2, 1, 4, 9, 11, 15, 16, 18, -11824, 2176, 12344, 0, 0, 0, 1843, 1663927334267
-26, -24, -27, -29, -28, -27, -23, -20, -16, -11, -7, -4, 2, 6, 10, 13, 16, 19, -34, -32, -30, -28, -25, -23, -19, -15, -9, -3, 2, 6, 9, 14, 17, 19, 20, 21, -13184, -8, 6112, 0, 0, 0, 1843, 1663927334529
-49, -43, -38, -36, -34, -30, -25, -21, -15, -9, -4, 0, 7, 10, 14, 16, 18, 19, -42, -39, -34, -30, -26, -24, -20, -17, -11, -4, 3, 8, 11, 16, 18, 19, 20, 20, -12960, 160, 5976, 0, 0, 0, 1843, 1663927334685
-23, -18, -20, -22, -22, -21, -19, -17, -13, -8, -4, -1, 4, 6, 10, 11, 12, 14, -31, -27, -23, -21, -20, -19, -15, -13, -8, -4, 1, 5, 8, 13, 14, 17, 16, 17, -13016, 1576, 7912, 0, 0, 0, 1843, 1663927334868
-25, -17, -17, -19, -17, -17, -14, -13, -9, -4, 0, 2, 7, 9, 12, 12, 13, 13, -33, -26, -22, -19, -19, -17, -15, -13, -10, -5, 0, 3, 7, 11, 13, 15, 15, 15, -13056, 1136, 8104, 0, 0, 0, 1843, 1663927335078
-24, -17, -18, -21, -20, -19, -17, -16, -13, -7, -3, -1, 6, 8, 12, 12, 13, 14, -34, -28, -25, -23, -21, -20, -15, -12, -7, -1, 4, 8, 10, 14, 14, 16, 15, 15, -13056, 1136, 8104, 0, 0, 0, 1843, 1663927335287
-21, -18, -21, -25, -25, -24, -20, -18, -14, -8, -3, 1, 7, 9, 12, 14, 15, 16, -31, -29, -28, -27, -26, -24, -19, -15, -9, -2, 3, 6, 10, 13, 14, 17, 16, 17, -4160, 208, 2344, 0, 0, 0, 1843, 1663927335467
-20, -17, -22, -26, -26, -24, -20, -18, -14, -7, -3, 0, 7, 9, 12, 14, 15, 16, -30, -29, -29, -28, -27, -24, -19, -14, -7, 0, 4, 8, 11, 14, 15, 16, 16, 16, -13368, 288, 7904, 0, 0, 0, 1843, 1663927335686
-28, -26, -28, -29, -27, -24, -18, -16, -9, -3, 1, 4, 8, 11, 13, 14, 14, 14, -36, -33, -31, -28, -25, -23, -18, -14, -9, -3, 2, 6, 9, 13, 15, 16, 16, 17, -14176, -1256, 7440, 0, 0, 0, 1843, 1663927335890
-32, -28, -29, -30, -27, -24, -17, -15, -8, -3, 1, 3, 8, 10, 12, 12, 14, 15, -38, -34, -30, -27, -24, -22, -17, -13, -8, -1, 4, 7, 10, 14, 15, 17, 17, 18, -14120, -1352, 7336, 0, 0, 0, 1843, 1663927336067
-33, -28, -29, -31, -28, -24, -18, -15, -8, -2, 1, 3, 7, 10, 11, 12, 13, 14, -40, -33, -30, -28, -25, -23, -17, -12, -7, -1, 4, 7, 10, 13, 14, 16, 15, 17, -14808, 2496, 6312, 0, 0, 0, 1843, 1663927336310
-33, -31, -32, -33, -31, -26, -19, -14, -6, -1, 3, 4, 9, 11, 13, 14, 14, 15, -42, -40, -36, -33, -29, -26, -19, -13, -6, 0, 5, 8, 11, 14, 16, 17, 17, 18, -14872, 2464, 6160, 0, 0, 0, 1843, 1663927336489
-32, -31, -32, -35, -32, -28, -19, -15, -7, -1, 3, 5, 10, 11, 14, 14, 14, 16, -42, -40, -36, -34, -31, -27, -19, -14, -8, 0, 4, 8, 10, 14, 15, 17, 18, 19, -14616, 1184, 6632, 0, 0, 0, 1843, 1663927336668
-32, -30, -32, -34, -32, -28, -20, -15, -7, -1, 3, 6, 10, 12, 14, 14, 15, 16, -43, -41, -36, -34, -31, -27, -19, -13, -7, 0, 5, 8, 11, 15, 16, 18, 18, 19, -14576, 952, 6712, 0, 0, 0, 1843, 1663927336877
-30, -29, -31, -34, -32, -27, -20, -15, -8, -1, 2, 4, 9, 11, 14, 14, 15, 16, -42, -39, -37, -34, -31, -27, -19, -13, -7, -1, 4, 7, 10, 14, 15, 17, 17, 18, -14592, 1000, 6728, 0, 0, 0, 1843, 1663927337119
-30, -28, -31, -34, -32, -27, -20, -14, -7, -1, 3, 5, 9, 11, 13, 14, 14, 15, -43, -40, -37, -34, -31, -26, -18, -13, -6, -1, 4, 7, 10, 14, 15, 17, 17, 18, -14488, 888, 6800, 0, 0, 0, 1843, 1663927337266
-30, -27, -31, -34, -31, -26, -20, -15, -8, -1, 2, 5, 9, 10, 13, 13, 14, 15, -42, -39, -35, -34, -30, -26, -18, -13, -7, -1, 4, 7, 10, 13, 15, 16, 16, 18, -14616, 624, 6592, 0, 0, 0, 1843, 1663927337474
-29, -27, -29, -32, -30, -26, -19, -15, -8, -2, 2, 4, 8, 10, 12, 13, 14, 15, -42, -38, -34, -33, -29, -25, -18, -13, -7, 0, 4, 7, 10, 13, 14, 15, 16, 17, -14672, 808, 6736, 0, 0, 0, 1843, 1663927337659
-29, -27, -29, -33, -30, -26, -20, -15, -9, -2, 2, 4, 9, 11, 12, 13, 14, 15, -41, -38, -34, -33, -30, -26, -18, -13, -7, -1, 4, 7, 10, 13, 15, 16, 16, 17, -14432, 664, 6784, 0, 0, 0, 1843, 1663927337870
-29, -26, -29, -32, -30, -26, -20, -14, -8, -2, 2, 4, 9, 10, 13, 13, 14, 15, -42, -37, -34, -33, -30, -26, -18, -13, -7, 0, 4, 7, 10, 13, 14, 16, 16, 17, -14472, 856, 6496, 0, 0, 0, 1843, 1663927338076
-29, -27, -29, -32, -30, -26, -19, -15, -8, -1, 2, 4, 9, 10, 12, 14, 14, 15, -41, -37, -35, -33, -30, -26, -18, -13, -6, -1, 4, 7, 9, 13, 14, 16, 16, 17, -14688, 800, 6712, 0, 0, 0, 1843, 1663927338261
-29, -27, -30, -33, -31, -27, -19, -15, -8, -1, 3, 5, 9, 11, 13, 13, 14, 15, -41, -38, -35, -33, -30, -25, -18, -13, -7, 0, 4, 7, 10, 13, 15, 16, 16, 18, -14616, 904, 6672, 0, 0, 0, 1843, 1663927338465
-29, -26, -29, -32, -30, -26, -19, -14, -8, -1, 2, 4, 9, 11, 13, 13, 14, 14, -42, -38, -35, -32, -29, -25, -18, -12, -6, 0, 4, 7, 10, 14, 14, 16, 16, 17, -14520, 888, 6896, 0, 0, 0, 1843, 1663927338711
-29, -26, -29, -32, -30, -26, -20, -15, -8, -2, 2, 4, 9, 10, 12, 12, 14, 14, -42, -38, -35, -32, -29, -26, -18, -13, -7, 0, 5, 8, 10, 14, 14, 16, 16, 17, -14512, 1024, 6784, 0, 0, 0, 1843, 1663927338857
-28, -26, -29, -32, -30, -27, -20, -15, -8, -2, 2, 4, 9, 10, 13, 13, 13, 15, -42, -37, -34, -33, -29, -26, -18, -12, -6, 0, 5, 8, 11, 14, 14, 16, 16, 17, -14456, 1096, 7096, 0, 0, 0, 1843, 1663927339091
-29, -27, -30, -33, -31, -27, -20, -15, -8, -2, 2, 4, 9, 10, 13, 13, 13, 14, -42, -39, -35, -34, -30, -26, -19, -13, -6, 0, 5, 8, 10, 14, 15, 16, 16, 17, -14560, 1120, 7024, 0, 0, 0, 1843, 1663927339279
-28, -28, -31, -34, -33, -28, -21, -16, -8, -2, 2, 4, 9, 11, 13, 14, 14, 15, -42, -40, -37, -35, -32, -27, -19, -13, -6, 0, 5, 9, 11, 14, 15, 17, 17, 18, -14440, 912, 6784, 0, 0, 0, 1843, 1663927339455
-28, -28, -31, -34, -32, -27, -21, -15, -8, -2, 2, 4, 9, 10, 13, 13, 13, 14, -43, -40, -37, -35, -32, -27, -19, -12, -5, 0, 5, 8, 10, 14, 15, 16, 17, 17, -14272, 1064, 6720, 0, 0, 0, 1843, 1663927339701
-29, -27, -30, -33, -31, -26, -20, -14, -7, -2, 2, 4, 9, 10, 13, 13, 13, 15, -43, -39, -36, -34, -30, -26, -18, -12, -6, 0, 5, 8, 10, 13, 14, 16, 16, 17, -14272, 1064, 6720, 0, 0, 0, 1843, 1663927339878
-28, -27, -30, -34, -32, -27, -20, -15, -8, -2, 3, 4, 9, 11, 13, 13, 13, 15, -42, -38, -36, -34, -31, -27, -19, -13, -6, 0, 5, 8, 11, 14, 15, 17, 17, 18, -4616, 336, 2072, 0, 0, 0, 1843, 1663927340054
-29, -27, -30, -33, -31, -26, -20, -15, -7, -2, 2, 4, 9, 10, 13, 13, 14, 14, -43, -39, -35, -34, -30, -25, -18, -12, -5, 0, 4, 8, 11, 14, 14, 16, 15, 17, -14200, 992, 6928, 0, 0, 0, 1843, 1663927340290
-29, -26, -30, -33, -30, -26, -20, -15, -8, -2, 2, 4, 9, 10, 13, 12, 13, 14, -43, -38, -35, -33, -30, -26, -18, -12, -6, 0, 5, 7, 10, 14, 15, 15, 15, 16, -14512, 928, 6800, 0, 0, 0, 1843, 1663927340539
-29, -27, -30, -33, -30, -26, -19, -15, -8, -1, 2, 4, 8, 10, 13, 13, 13, 14, -42, -38, -35, -33, -29, -25, -18, -12, -5, 1, 5, 8, 10, 14, 15, 15, 16, 17, -14504, 1152, 6888, 0, 0, 0, 1843, 1663927340657
-30, -27, -29, -33, -30, -25, -19, -14, -7, -1, 2, 4, 9, 10, 12, 13, 13, 14, -43, -39, -35, -33, -30, -25, -18, -12, -6, 0, 4, 7, 10, 13, 14, 16, 16, 16, -14352, 1176, 6664, 0, 0, 0, 1843, 1663927340865
-29, -27, -30, -33, -31, -26, -19, -14, -7, -2, 2, 4, 9, 10, 12, 12, 13, 14, -42, -38, -35, -33, -30, -26, -18, -12, -6, 0, 5, 8, 11, 14, 15, 16, 16, 16, -14264, 912, 6792, 0, 0, 0, 1843, 1663927341097
-29, -27, -30, -33, -31, -27, -20, -14, -7, -2, 2, 4, 9, 10, 12, 13, 13, 14, -42, -39, -35, -34, -30, -26, -18, -12, -6, 0, 5, 8, 10, 13, 14, 16, 16, 17, -14600, 904, 6680, 0, 0, 0, 1843, 1663927341286
-29, -27, -31, -33, -31, -27, -20, -14, -8, -1, 3, 4, 9, 11, 13, 13, 14, 15, -42, -39, -35, -34, -30, -26, -18, -13, -6, 0, 5, 8, 10, 13, 15, 16, 16, 17, -14600, 984, 6776, 0, 0, 0, 1843, 1663927341468
-29, -27, -30, -33, -31, -26, -20, -15, -8, -2, 1, 4, 9, 11, 12, 13, 14, 14, -43, -38, -35, -34, -30, -26, -18, -13, -6, 0, 4, 7, 10, 13, 15, 16, 17, 18, -14504, 1056, 6680, 0, 0, 0, 1843, 1663927341676
-29, -29, -31, -35, -32, -27, -20, -16, -9, -2, 2, 4, 10, 11, 13, 14, 14, 16, -42, -41, -38, -36, -32, -28, -20, -13, -6, 0, 4, 8, 11, 14, 16, 17, 17, 19, -14440, 1032, 6592, 0, 0, 0, 1843, 1663927341885
-30, -30, -33, -35, -33, -29, -21, -16, -9, -2, 2, 5, 10, 12, 14, 15, 15, 16, -43, -42, -38, -36, -31, -28, -19, -14, -7, 0, 5, 8, 12, 16, 17, 18, 18, 19, -14304, 1128, 6664, 0, 0, 0, 1843, 1663927342067
-29, -29, -32, -35, -32, -28, -21, -16, -9, -2, 2, 5, 10, 12, 14, 15, 15, 17, -43, -41, -38, -36, -31, -27, -19, -13, -7, 0, 5, 9, 11, 15, 17, 18, 18, 19, -14656, 1280, 6936, 0, 0, 0, 1843, 1663927342301
-29, -29, -32, -35, -32, -29, -21, -16, -8, -3, 1, 4, 10, 12, 14, 15, 16, 17, -43, -41, -38, -36, -31, -27, -20, -13, -7, 0, 4, 8, 11, 15, 16, 18, 18, 18, -14408, 976, 6720, 0, 0, 0, 1843, 1663927342457
-29, -29, -31, -35, -32, -28, -20, -15, -8, -2, 2, 4, 9, 11, 13, 14, 15, 16, -43, -40, -37, -35, -31, -27, -19, -13, -6, -1, 5, 8, 10, 14, 16, 17, 17, 18, -14448, 824, 6608, 0, 0, 0, 1843, 1663927342667
-29, -29, -31, -35, -32, -28, -20, -15, -8, -3, 1, 4, 9, 11, 14, 14, 15, 15, -43, -41, -37, -35, -32, -27, -18, -12, -6, 0, 5, 8, 11, 14, 15, 17, 18, 18, -14256, 1136, 6664, 0, 0, 0, 1843, 1663927342849
-29, -29, -32, -35, -33, -28, -21, -16, -9, -3, 2, 4, 9, 11, 13, 14, 14, 15, -44, -41, -37, -36, -31, -27, -19, -13, -7, 0, 5, 8, 10, 14, 16, 17, 17, 18, -14544, 792, 6608, 0, 0, 0, 1843, 1663927343056
-29, -28, -31, -35, -32, -28, -20, -15, -8, -3, 1, 4, 9, 11, 13, 14, 15, 16, -43, -41, -37, -35, -32, -27, -19, -13, -6, 0, 5, 8, 11, 14, 15, 17, 17, 18, -14616, 976, 6720, 0, 0, 0, 1843, 1663927343287
-29, -29, -31, -35, -32, -28, -21, -15, -9, -2, 1, 4, 9, 11, 13, 14, 14, 16, -43, -40, -37, -36, -32, -27, -19, -12, -6, 0, 5, 8, 11, 14, 16, 17, 18, 19, -14736, 1080, 6704, 0, 0, 0, 1843, 1663927343476
-29, -28, -31, -35, -32, -28, -20, -16, -8, -2, 2, 4, 9, 10, 13, 14, 15, 16, -43, -40, -37, -35, -31, -27, -19, -13, -6, 0, 5, 8, 10, 14, 15, 17, 17, 18, -14608, 1016, 6816, 0, 0, 0, 1843, 1663927343655
-29, -29, -31, -34, -32, -27, -20, -14, -8, -2, 1, 4, 9, 11, 13, 14, 14, 16, -42, -40, -37, -35, -31, -26, -19, -13, -6, 0, 4, 7, 10, 14, 15, 17, 17, 18, -14512, 816, 6656, 0, 0, 0, 1843, 1663927343889
-30, -31, -33, -36, -32, -29, -20, -15, -8, -2, 3, 5, 10, 12, 14, 15, 15, 16, -44, -42, -38, -36, -32, -27, -19, -14, -8, -1, 3, 8, 11, 15, 16, 18, 18, 19, -14608, 1008, 6808, 0, 0, 0, 1843, 1663927344044
-30, -31, -33, -36, -32, -28, -20, -15, -7, -1, 3, 5, 11, 12, 15, 15, 15, 16, -43, -41, -38, -36, -31, -27, -19, -13, -6, -1, 4, 8, 11, 15, 16, 18, 18, 19, -14328, 976, 6704, 0, 0, 0, 1843, 1663927344255
-29, -28, -31, -34, -31, -27, -20, -15, -8, -2, 2, 4, 9, 11, 13, 15, 15, 16, -43, -38, -35, -34, -30, -26, -19, -14, -8, -1, 3, 7, 10, 14, 15, 17, 18, 19, -14328, 976, 6704, 0, 0, 0, 1843, 1663927344493
-29, -26, -29, -32, -30, -27, -21, -17, -10, -4, 0, 3, 9, 11, 14, 15, 16, 17, -42, -38, -34, -32, -29, -26, -19, -14, -9, -2, 3, 7, 9, 14, 15, 17, 18, 19, -4616, 280, 2000, 0, 0, 0, 1843, 1663927344645
-28, -26, -29, -32, -30, -27, -21, -17, -11, -4, 0, 3, 9, 11, 14, 16, 17, 18, -42, -37, -35, -33, -30, -27, -20, -14, -9, -3, 2, 6, 9, 14, 15, 18, 19, 20, -14568, 872, 6728, 0, 0, 0, 1843, 1663927344878
-28, -26, -29, -32, -30, -27, -21, -17, -11, -5, 0, 3, 9, 11, 14, 15, 17, 18, -42, -38, -34, -33, -30, -27, -19, -15, -9, -3, 2, 6, 9, 14, 16, 18, 19, 20, -14504, 1048, 6776, 0, 0, 0, 1843, 1663927345070